frame_index,timestep,n_atoms,n_alrich_al,f_eta_ge2_percent,f_eta_ge3_percent,n_ge5,n_ge7,max_size,fs,gdot,folder,dump_file
80,400000,193662,2713,8.391424233974657,0.636676271028906,11,1,8,20,0.0,AZ91_fs20_T865.0_shearYZ_gdot0.0,dump.production.Alrich.AZ91.fs20.T865.0.gdot0.0.lammpstrj
81,405000,193662,2730,8.512769670869865,0.6072435480373021,13,0,6,20,0.0,AZ91_fs20_T865.0_shearYZ_gdot0.0,dump.production.Alrich.AZ91.fs20.T865.0.gdot0.0.lammpstrj
82,410000,193662,2696,8.483853311439518,0.6155053650174014,13,0,6,20,0.0,AZ91_fs20_T865.0_shearYZ_gdot0.0,dump.production.Alrich.AZ91.fs20.T865.0.gdot0.0.lammpstrj
83,415000,193662,2723,8.498311491154691,0.629447181171319,9,0,6,20,0.0,AZ91_fs20_T865.0_shearYZ_gdot0.0,dump.production.Alrich.AZ91.fs20.T865.0.gdot0.0.lammpstrj
84,420000,193662,2759,8.380064235627021,0.6392580888351871,15,1,7,20,0.0,AZ91_fs20_T865.0_shearYZ_gdot0.0,dump.production.Alrich.AZ91.fs20.T865.0.gdot0.0.lammpstrj
85,425000,193662,2713,8.467846041040577,0.6129235472111204,9,1,7,20,0.0,AZ91_fs20_T865.0_shearYZ_gdot0.0,dump.production.Alrich.AZ91.fs20.T865.0.gdot0.0.lammpstrj
86,430000,193662,2619,8.27111152420196,0.5829744606582602,13,0,6,20,0.0,AZ91_fs20_T865.0_shearYZ_gdot0.0,dump.production.Alrich.AZ91.fs20.T865.0.gdot0.0.lammpstrj
87,435000,193662,2654,8.406915140812343,0.5969162768121778,6,0,5,20,0.0,AZ91_fs20_T865.0_shearYZ_gdot0.0,dump.production.Alrich.AZ91.fs20.T865.0.gdot0.0.lammpstrj
88,440000,193662,2548,8.261816980099349,0.5969162768121778,11,0,6,20,0.0,AZ91_fs20_T865.0_shearYZ_gdot0.0,dump.production.Alrich.AZ91.fs20.T865.0.gdot0.0.lammpstrj
89,445000,193662,2692,8.36922060084064,0.6232508184362445,10,1,8,20,0.0,AZ91_fs20_T865.0_shearYZ_gdot0.0,dump.production.Alrich.AZ91.fs20.T865.0.gdot0.0.lammpstrj
90,450000,193662,2624,8.370253327963152,0.6253162726812694,14,2,7,20,0.0,AZ91_fs20_T865.0_shearYZ_gdot0.0,dump.production.Alrich.AZ91.fs20.T865.0.gdot0.0.lammpstrj
91,455000,193662,2716,8.396071506025962,0.6531999049891047,11,1,7,20,0.0,AZ91_fs20_T865.0_shearYZ_gdot0.0,dump.production.Alrich.AZ91.fs20.T865.0.gdot0.0.lammpstrj
92,460000,193662,2698,8.549947847280313,0.6273817269262942,11,0,6,20,0.0,AZ91_fs20_T865.0_shearYZ_gdot0.0,dump.production.Alrich.AZ91.fs20.T865.0.gdot0.0.lammpstrj
93,465000,193662,2817,8.565438754117999,0.6155053650174014,10,0,6,20,0.0,AZ91_fs20_T865.0_shearYZ_gdot0.0,dump.production.Alrich.AZ91.fs20.T865.0.gdot0.0.lammpstrj
94,470000,193662,2777,8.578347843149405,0.678501719490659,17,0,6,20,0.0,AZ91_fs20_T865.0_shearYZ_gdot0.0,dump.production.Alrich.AZ91.fs20.T865.0.gdot0.0.lammpstrj
95,475000,193662,2739,8.469395131724344,0.6531999049891047,10,2,7,20,0.0,AZ91_fs20_T865.0_shearYZ_gdot0.0,dump.production.Alrich.AZ91.fs20.T865.0.gdot0.0.lammpstrj
96,480000,193662,2720,8.490049674174593,0.6206690006299636,11,1,7,20,0.0,AZ91_fs20_T865.0_shearYZ_gdot0.0,dump.production.Alrich.AZ91.fs20.T865.0.gdot0.0.lammpstrj
97,485000,193662,2681,8.365606055911847,0.589687186954591,6,0,6,20,0.0,AZ91_fs20_T865.0_shearYZ_gdot0.0,dump.production.Alrich.AZ91.fs20.T865.0.gdot0.0.lammpstrj
98,490000,193662,2624,8.292282430213465,0.5814253699744917,20,2,7,20,0.0,AZ91_fs20_T865.0_shearYZ_gdot0.0,dump.production.Alrich.AZ91.fs20.T865.0.gdot0.0.lammpstrj
99,495000,193662,2651,8.3201660625213,0.5963999132509218,6,0,6,20,0.0,AZ91_fs20_T865.0_shearYZ_gdot0.0,dump.production.Alrich.AZ91.fs20.T865.0.gdot0.0.lammpstrj
100,500000,193662,2731,8.382646053433302,0.6186035463849388,13,2,7,20,0.0,AZ91_fs20_T865.0_shearYZ_gdot0.0,dump.production.Alrich.AZ91.fs20.T865.0.gdot0.0.lammpstrj
80,400000,193662,2648,8.451322407080378,0.5736799165556485,10,0,6,20,0.001,AZ91_fs20_T865.0_shearYZ_gdot0.001,dump.production.Alrich.AZ91.fs20.T865.0.gdot0.001.lammpstrj
81,405000,193662,2593,8.380580599188276,0.5556071919116812,12,1,7,20,0.001,AZ91_fs20_T865.0_shearYZ_gdot0.001,dump.production.Alrich.AZ91.fs20.T865.0.gdot0.001.lammpstrj
82,410000,193662,2688,8.326362425256374,0.5865890055870537,13,1,7,20,0.001,AZ91_fs20_T865.0_shearYZ_gdot0.001,dump.production.Alrich.AZ91.fs20.T865.0.gdot0.001.lammpstrj
83,415000,193662,2647,8.372835145769434,0.5984653674959466,8,0,6,20,0.001,AZ91_fs20_T865.0_shearYZ_gdot0.001,dump.production.Alrich.AZ91.fs20.T865.0.gdot0.001.lammpstrj
84,420000,193662,2717,8.442027862977765,0.5602544639629871,9,0,6,20,0.001,AZ91_fs20_T865.0_shearYZ_gdot0.001,dump.production.Alrich.AZ91.fs20.T865.0.gdot0.001.lammpstrj
85,425000,193662,2695,8.393489688219681,0.6062108209147897,7,2,9,20,0.001,AZ91_fs20_T865.0_shearYZ_gdot0.001,dump.production.Alrich.AZ91.fs20.T865.0.gdot0.001.lammpstrj
86,430000,193662,2696,8.350631512635417,0.5757453708006733,19,1,8,20,0.001,AZ91_fs20_T865.0_shearYZ_gdot0.001,dump.production.Alrich.AZ91.fs20.T865.0.gdot0.001.lammpstrj
87,435000,193662,2757,8.45080604351912,0.5860726420257976,6,1,8,20,0.001,AZ91_fs20_T865.0_shearYZ_gdot0.001,dump.production.Alrich.AZ91.fs20.T865.0.gdot0.001.lammpstrj
88,440000,193662,2617,8.323780607450093,0.5643853724530367,11,3,7,20,0.001,AZ91_fs20_T865.0_shearYZ_gdot0.001,dump.production.Alrich.AZ91.fs20.T865.0.gdot0.001.lammpstrj
89,445000,193662,2711,8.412595139986163,0.5829744606582602,12,4,9,20,0.001,AZ91_fs20_T865.0_shearYZ_gdot0.001,dump.production.Alrich.AZ91.fs20.T865.0.gdot0.001.lammpstrj
90,450000,193662,2668,8.309838791296176,0.5860726420257976,17,1,7,20,0.001,AZ91_fs20_T865.0_shearYZ_gdot0.001,dump.production.Alrich.AZ91.fs20.T865.0.gdot0.001.lammpstrj
91,455000,193662,2699,8.43324968243641,0.6082762751598145,12,0,6,20,0.001,AZ91_fs20_T865.0_shearYZ_gdot0.001,dump.production.Alrich.AZ91.fs20.T865.0.gdot0.001.lammpstrj
92,460000,193662,2707,8.348049694829134,0.5850399149032851,9,1,7,20,0.001,AZ91_fs20_T865.0_shearYZ_gdot0.001,dump.production.Alrich.AZ91.fs20.T865.0.gdot0.001.lammpstrj
93,465000,193662,2629,8.240646074087845,0.5855562784645413,14,0,6,20,0.001,AZ91_fs20_T865.0_shearYZ_gdot0.001,dump.production.Alrich.AZ91.fs20.T865.0.gdot0.001.lammpstrj
94,470000,193662,2697,8.380064235627021,0.5716144623106237,13,1,7,20,0.001,AZ91_fs20_T865.0_shearYZ_gdot0.001,dump.production.Alrich.AZ91.fs20.T865.0.gdot0.001.lammpstrj
95,475000,193662,2698,8.475591494459419,0.5783271886069543,13,0,6,20,0.001,AZ91_fs20_T865.0_shearYZ_gdot0.001,dump.production.Alrich.AZ91.fs20.T865.0.gdot0.001.lammpstrj
96,480000,193662,2712,8.502958763205998,0.5809090064132354,12,1,7,20,0.001,AZ91_fs20_T865.0_shearYZ_gdot0.001,dump.production.Alrich.AZ91.fs20.T865.0.gdot0.001.lammpstrj
97,485000,193662,2769,8.449773316396609,0.5850399149032851,14,2,8,20,0.001,AZ91_fs20_T865.0_shearYZ_gdot0.001,dump.production.Alrich.AZ91.fs20.T865.0.gdot0.001.lammpstrj
98,490000,193662,2730,8.382646053433302,0.5953671861284093,9,0,6,20,0.001,AZ91_fs20_T865.0_shearYZ_gdot0.001,dump.production.Alrich.AZ91.fs20.T865.0.gdot0.001.lammpstrj
99,495000,193662,2771,8.3201660625213,0.5814253699744917,12,1,7,20,0.001,AZ91_fs20_T865.0_shearYZ_gdot0.001,dump.production.Alrich.AZ91.fs20.T865.0.gdot0.001.lammpstrj
100,500000,193662,2671,8.419307866282493,0.5643853724530367,16,1,7,20,0.001,AZ91_fs20_T865.0_shearYZ_gdot0.001,dump.production.Alrich.AZ91.fs20.T865.0.gdot0.001.lammpstrj
80,80000,193662,2789,8.685751463890696,0.6356435439063935,12,1,7,20,0.005,AZ91_fs20_T865.0_shearYZ_gdot0.005,dump.production.Alrich.AZ91.fs20.T865.0.gdot0.005.lammpstrj
81,81000,193662,2847,8.595904204232117,0.6418399066414681,12,1,8,20,0.005,AZ91_fs20_T865.0_shearYZ_gdot0.005,dump.production.Alrich.AZ91.fs20.T865.0.gdot0.005.lammpstrj
82,82000,193662,2801,8.609329656824777,0.6392580888351871,11,3,7,20,0.005,AZ91_fs20_T865.0_shearYZ_gdot0.005,dump.production.Alrich.AZ91.fs20.T865.0.gdot0.005.lammpstrj
83,83000,193662,2890,8.569053299046793,0.6511344507440799,13,2,8,20,0.005,AZ91_fs20_T865.0_shearYZ_gdot0.005,dump.production.Alrich.AZ91.fs20.T865.0.gdot0.005.lammpstrj
84,84000,193662,2835,8.660449649389141,0.6475199058152864,16,2,7,20,0.005,AZ91_fs20_T865.0_shearYZ_gdot0.005,dump.production.Alrich.AZ91.fs20.T865.0.gdot0.005.lammpstrj
85,85000,193662,2780,8.593322386425834,0.6155053650174014,10,1,8,20,0.005,AZ91_fs20_T865.0_shearYZ_gdot0.005,dump.production.Alrich.AZ91.fs20.T865.0.gdot0.005.lammpstrj
86,86000,193662,2738,8.576798752465637,0.628930817610063,15,2,8,20,0.005,AZ91_fs20_T865.0_shearYZ_gdot0.005,dump.production.Alrich.AZ91.fs20.T865.0.gdot0.005.lammpstrj
87,87000,193662,2761,8.655802377337835,0.6284144540488067,13,2,7,20,0.005,AZ91_fs20_T865.0_shearYZ_gdot0.005,dump.production.Alrich.AZ91.fs20.T865.0.gdot0.005.lammpstrj
88,88000,193662,2767,8.588158750813273,0.5994980946184589,10,2,8,20,0.005,AZ91_fs20_T865.0_shearYZ_gdot0.005,dump.production.Alrich.AZ91.fs20.T865.0.gdot0.005.lammpstrj
89,89000,193662,2796,8.64031147050015,0.6418399066414681,13,1,7,20,0.005,AZ91_fs20_T865.0_shearYZ_gdot0.005,dump.production.Alrich.AZ91.fs20.T865.0.gdot0.005.lammpstrj
90,90000,193662,2743,8.587642387252016,0.6263489998037819,19,0,6,20,0.005,AZ91_fs20_T865.0_shearYZ_gdot0.005,dump.production.Alrich.AZ91.fs20.T865.0.gdot0.005.lammpstrj
91,91000,193662,2752,8.577315116026893,0.6217017277524759,16,1,7,20,0.005,AZ91_fs20_T865.0_shearYZ_gdot0.005,dump.production.Alrich.AZ91.fs20.T865.0.gdot0.005.lammpstrj
92,92000,193662,2745,8.589191477935785,0.6217017277524759,12,0,6,20,0.005,AZ91_fs20_T865.0_shearYZ_gdot0.005,dump.production.Alrich.AZ91.fs20.T865.0.gdot0.005.lammpstrj
93,93000,193662,2884,8.642376924745175,0.616538092139914,17,1,7,20,0.005,AZ91_fs20_T865.0_shearYZ_gdot0.005,dump.production.Alrich.AZ91.fs20.T865.0.gdot0.005.lammpstrj
94,94000,193662,2752,8.673875101981803,0.6531999049891047,12,1,10,20,0.005,AZ91_fs20_T865.0_shearYZ_gdot0.005,dump.production.Alrich.AZ91.fs20.T865.0.gdot0.005.lammpstrj
95,95000,193662,2881,8.662515103634167,0.6402908159576994,8,1,7,20,0.005,AZ91_fs20_T865.0_shearYZ_gdot0.005,dump.production.Alrich.AZ91.fs20.T865.0.gdot0.005.lammpstrj
96,96000,193662,2864,8.690398735942003,0.6712726296330721,16,1,8,20,0.005,AZ91_fs20_T865.0_shearYZ_gdot0.005,dump.production.Alrich.AZ91.fs20.T865.0.gdot0.005.lammpstrj
97,97000,193662,2869,8.755976908221541,0.6526835414278486,10,2,7,20,0.005,AZ91_fs20_T865.0_shearYZ_gdot0.005,dump.production.Alrich.AZ91.fs20.T865.0.gdot0.005.lammpstrj
98,98000,193662,2884,8.66458055787919,0.6325453625388564,12,2,8,20,0.005,AZ91_fs20_T865.0_shearYZ_gdot0.005,dump.production.Alrich.AZ91.fs20.T865.0.gdot0.005.lammpstrj
99,99000,193662,2806,8.64547510611271,0.6320289989776001,15,2,7,20,0.005,AZ91_fs20_T865.0_shearYZ_gdot0.005,dump.production.Alrich.AZ91.fs20.T865.0.gdot0.005.lammpstrj
100,100000,193662,2795,8.658384195144118,0.6211853641912197,14,1,7,20,0.005,AZ91_fs20_T865.0_shearYZ_gdot0.005,dump.production.Alrich.AZ91.fs20.T865.0.gdot0.005.lammpstrj
80,40000,193662,2844,8.606747839018496,0.6382253617126746,13,1,7,20,0.01,AZ91_fs20_T865.0_shearYZ_gdot0.01,dump.production.Alrich.AZ91.fs20.T865.0.gdot0.01.lammpstrj
81,40500,193662,2868,8.548398756596544,0.6268653633650381,15,2,9,20,0.01,AZ91_fs20_T865.0_shearYZ_gdot0.01,dump.production.Alrich.AZ91.fs20.T865.0.gdot0.01.lammpstrj
82,41000,193662,2773,8.619656928049901,0.6247999091200133,14,3,8,20,0.01,AZ91_fs20_T865.0_shearYZ_gdot0.01,dump.production.Alrich.AZ91.fs20.T865.0.gdot0.01.lammpstrj
83,41500,193662,2810,8.630500562836282,0.6356435439063935,14,1,7,20,0.01,AZ91_fs20_T865.0_shearYZ_gdot0.01,dump.production.Alrich.AZ91.fs20.T865.0.gdot0.01.lammpstrj
84,42000,193662,2845,8.62120601873367,0.6392580888351871,17,3,10,20,0.01,AZ91_fs20_T865.0_shearYZ_gdot0.01,dump.production.Alrich.AZ91.fs20.T865.0.gdot0.01.lammpstrj
85,42500,193662,2901,8.692980553748283,0.6733380838780969,14,1,7,20,0.01,AZ91_fs20_T865.0_shearYZ_gdot0.01,dump.production.Alrich.AZ91.fs20.T865.0.gdot0.01.lammpstrj
86,43000,193662,2936,8.627402381468745,0.6160217285786577,18,1,7,20,0.01,AZ91_fs20_T865.0_shearYZ_gdot0.01,dump.production.Alrich.AZ91.fs20.T865.0.gdot0.01.lammpstrj
87,43500,193662,2874,8.531875122636345,0.6253162726812694,16,0,6,20,0.01,AZ91_fs20_T865.0_shearYZ_gdot0.01,dump.production.Alrich.AZ91.fs20.T865.0.gdot0.01.lammpstrj
88,44000,193662,2861,8.621722382294926,0.6227344548749885,13,0,6,20,0.01,AZ91_fs20_T865.0_shearYZ_gdot0.01,dump.production.Alrich.AZ91.fs20.T865.0.gdot0.01.lammpstrj
89,44500,193662,2859,8.625853290784976,0.624283545558757,16,1,7,20,0.01,AZ91_fs20_T865.0_shearYZ_gdot0.01,dump.production.Alrich.AZ91.fs20.T865.0.gdot0.01.lammpstrj
90,45000,193662,2867,8.674391465543058,0.6537162685503609,19,1,7,20,0.01,AZ91_fs20_T865.0_shearYZ_gdot0.01,dump.production.Alrich.AZ91.fs20.T865.0.gdot0.01.lammpstrj
91,45500,193662,2820,8.585576933006992,0.6108580929660956,17,1,7,20,0.01,AZ91_fs20_T865.0_shearYZ_gdot0.01,dump.production.Alrich.AZ91.fs20.T865.0.gdot0.01.lammpstrj
92,46000,193662,2831,8.558209664260412,0.6217017277524759,12,1,7,20,0.01,AZ91_fs20_T865.0_shearYZ_gdot0.01,dump.production.Alrich.AZ91.fs20.T865.0.gdot0.01.lammpstrj
93,46500,193662,2809,8.62533692722372,0.6258326362425256,20,4,8,20,0.01,AZ91_fs20_T865.0_shearYZ_gdot0.01,dump.production.Alrich.AZ91.fs20.T865.0.gdot0.01.lammpstrj
94,47000,193662,2783,8.611395111069802,0.649068996499055,17,2,9,20,0.01,AZ91_fs20_T865.0_shearYZ_gdot0.01,dump.production.Alrich.AZ91.fs20.T865.0.gdot0.01.lammpstrj
95,47500,193662,2766,8.590740568619553,0.6428726337639805,16,1,8,20,0.01,AZ91_fs20_T865.0_shearYZ_gdot0.01,dump.production.Alrich.AZ91.fs20.T865.0.gdot0.01.lammpstrj
96,48000,193662,2690,8.580929660955686,0.6160217285786577,10,4,8,20,0.01,AZ91_fs20_T865.0_shearYZ_gdot0.01,dump.production.Alrich.AZ91.fs20.T865.0.gdot0.01.lammpstrj
97,48500,193662,2841,8.623271472978695,0.6237671819975008,18,1,7,20,0.01,AZ91_fs20_T865.0_shearYZ_gdot0.01,dump.production.Alrich.AZ91.fs20.T865.0.gdot0.01.lammpstrj
98,49000,193662,2824,8.640827834061406,0.6371926345901623,19,2,11,20,0.01,AZ91_fs20_T865.0_shearYZ_gdot0.01,dump.production.Alrich.AZ91.fs20.T865.0.gdot0.01.lammpstrj
99,49500,193662,2804,8.620173291611158,0.6495853600603113,14,3,8,20,0.01,AZ91_fs20_T865.0_shearYZ_gdot0.01,dump.production.Alrich.AZ91.fs20.T865.0.gdot0.01.lammpstrj
100,50000,193662,2820,8.56956966260805,0.649068996499055,14,2,8,20,0.01,AZ91_fs20_T865.0_shearYZ_gdot0.01,dump.production.Alrich.AZ91.fs20.T865.0.gdot0.01.lammpstrj
80,20000,193662,2899,8.829816897481178,0.6702399025105596,16,3,9,20,0.02,AZ91_fs20_T865.0_shearYZ_gdot0.02,dump.production.Alrich.AZ91.fs20.T865.0.gdot0.02.lammpstrj
81,20250,193662,2984,8.87474052731047,0.6640435397754851,20,4,9,20,0.02,AZ91_fs20_T865.0_shearYZ_gdot0.02,dump.production.Alrich.AZ91.fs20.T865.0.gdot0.02.lammpstrj
82,20500,193662,2872,8.771467815059227,0.6841817186644773,16,2,9,20,0.02,AZ91_fs20_T865.0_shearYZ_gdot0.02,dump.production.Alrich.AZ91.fs20.T865.0.gdot0.02.lammpstrj
83,20750,193662,2884,8.647024196796481,0.6573308134791545,17,2,7,20,0.02,AZ91_fs20_T865.0_shearYZ_gdot0.02,dump.production.Alrich.AZ91.fs20.T865.0.gdot0.02.lammpstrj
84,21000,193662,2901,8.67697328334934,0.6433889973252368,15,5,8,20,0.02,AZ91_fs20_T865.0_shearYZ_gdot0.02,dump.production.Alrich.AZ91.fs20.T865.0.gdot0.02.lammpstrj
85,21250,193662,2793,8.663031467195422,0.6304799082938315,14,4,7,20,0.02,AZ91_fs20_T865.0_shearYZ_gdot0.02,dump.production.Alrich.AZ91.fs20.T865.0.gdot0.02.lammpstrj
86,21500,193662,2933,8.800900538050831,0.6604289948466916,19,4,9,20,0.02,AZ91_fs20_T865.0_shearYZ_gdot0.02,dump.production.Alrich.AZ91.fs20.T865.0.gdot0.02.lammpstrj
87,21750,193662,2880,8.730675093719986,0.6624944490917165,17,1,7,20,0.02,AZ91_fs20_T865.0_shearYZ_gdot0.02,dump.production.Alrich.AZ91.fs20.T865.0.gdot0.02.lammpstrj
88,22000,193662,2885,8.712086005514763,0.6821162644194525,18,4,8,20,0.02,AZ91_fs20_T865.0_shearYZ_gdot0.02,dump.production.Alrich.AZ91.fs20.T865.0.gdot0.02.lammpstrj
89,22250,193662,2933,8.722929640301142,0.6800508101744276,22,4,7,20,0.02,AZ91_fs20_T865.0_shearYZ_gdot0.02,dump.production.Alrich.AZ91.fs20.T865.0.gdot0.02.lammpstrj
90,22500,193662,2891,8.738936910700087,0.6630108126529727,23,2,8,20,0.02,AZ91_fs20_T865.0_shearYZ_gdot0.02,dump.production.Alrich.AZ91.fs20.T865.0.gdot0.02.lammpstrj
91,22750,193662,2974,8.744616909873903,0.6769526288068903,22,3,10,20,0.02,AZ91_fs20_T865.0_shearYZ_gdot0.02,dump.production.Alrich.AZ91.fs20.T865.0.gdot0.02.lammpstrj
92,23000,193662,2952,8.751329636170235,0.6821162644194525,20,5,9,20,0.02,AZ91_fs20_T865.0_shearYZ_gdot0.02,dump.production.Alrich.AZ91.fs20.T865.0.gdot0.02.lammpstrj
93,23250,193662,2950,8.66458055787919,0.6950253534508577,18,1,7,20,0.02,AZ91_fs20_T865.0_shearYZ_gdot0.02,dump.production.Alrich.AZ91.fs20.T865.0.gdot0.02.lammpstrj
94,23500,193662,2841,8.628951472152513,0.6676580847042787,22,4,9,20,0.02,AZ91_fs20_T865.0_shearYZ_gdot0.02,dump.production.Alrich.AZ91.fs20.T865.0.gdot0.02.lammpstrj
95,23750,193662,2859,8.670260557053009,0.6846980822257335,22,3,7,20,0.02,AZ91_fs20_T865.0_shearYZ_gdot0.02,dump.production.Alrich.AZ91.fs20.T865.0.gdot0.02.lammpstrj
96,24000,193662,2856,8.667162375685471,0.6955417170121139,23,1,10,20,0.02,AZ91_fs20_T865.0_shearYZ_gdot0.02,dump.production.Alrich.AZ91.fs20.T865.0.gdot0.02.lammpstrj
97,24250,193662,2884,8.710536914830994,0.6764362652456342,22,1,8,20,0.02,AZ91_fs20_T865.0_shearYZ_gdot0.02,dump.production.Alrich.AZ91.fs20.T865.0.gdot0.02.lammpstrj
98,24500,193662,2953,8.656318740899092,0.6573308134791545,26,5,10,20,0.02,AZ91_fs20_T865.0_shearYZ_gdot0.02,dump.production.Alrich.AZ91.fs20.T865.0.gdot0.02.lammpstrj
99,24750,193662,2891,8.717249641127326,0.6712726296330721,25,6,8,20,0.02,AZ91_fs20_T865.0_shearYZ_gdot0.02,dump.production.Alrich.AZ91.fs20.T865.0.gdot0.02.lammpstrj
100,25000,193662,2892,8.74100236494511,0.629447181171319,20,1,8,20,0.02,AZ91_fs20_T865.0_shearYZ_gdot0.02,dump.production.Alrich.AZ91.fs20.T865.0.gdot0.02.lammpstrj
80,400000,193662,2663,8.066115190383245,0.6815999008581962,23,2,8,40,0.0,AZ91_fs40_T852.0_shearYZ_gdot0.0,dump.production.Alrich.AZ91.fs40.T852.0.gdot0.0.lammpstrj
81,405000,193662,2668,8.05320610135184,0.7430471646476852,19,2,7,40,0.0,AZ91_fs40_T852.0_shearYZ_gdot0.0,dump.production.Alrich.AZ91.fs40.T852.0.gdot0.0.lammpstrj
82,410000,193662,2648,8.188493354400967,0.7058689882372381,16,6,8,40,0.0,AZ91_fs40_T852.0_shearYZ_gdot0.0,dump.production.Alrich.AZ91.fs40.T852.0.gdot0.0.lammpstrj
83,415000,193662,2616,7.9380570271917055,0.7001889890634198,21,4,10,40,0.0,AZ91_fs40_T852.0_shearYZ_gdot0.0,dump.production.Alrich.AZ91.fs40.T852.0.gdot0.0.lammpstrj
84,420000,193662,2662,8.106391548161229,0.7099998967272878,19,2,7,40,0.0,AZ91_fs40_T852.0_shearYZ_gdot0.0,dump.production.Alrich.AZ91.fs40.T852.0.gdot0.0.lammpstrj
85,425000,193662,2695,8.05320610135184,0.7208435315136682,20,3,9,40,0.0,AZ91_fs40_T852.0_shearYZ_gdot0.0,dump.production.Alrich.AZ91.fs40.T852.0.gdot0.0.lammpstrj
86,430000,193662,2609,8.077991552292138,0.7125817145335689,20,4,9,40,0.0,AZ91_fs40_T852.0_shearYZ_gdot0.0,dump.production.Alrich.AZ91.fs40.T852.0.gdot0.0.lammpstrj
87,435000,193662,2627,8.04236246656546,0.7007053526246759,24,3,8,40,0.0,AZ91_fs40_T852.0_shearYZ_gdot0.0,dump.production.Alrich.AZ91.fs40.T852.0.gdot0.0.lammpstrj
88,440000,193662,2704,8.050624283545558,0.7167126230236185,21,2,8,40,0.0,AZ91_fs40_T852.0_shearYZ_gdot0.0,dump.production.Alrich.AZ91.fs40.T852.0.gdot0.0.lammpstrj
89,445000,193662,2681,8.061467918331939,0.725490803564974,26,3,8,40,0.0,AZ91_fs40_T852.0_shearYZ_gdot0.0,dump.production.Alrich.AZ91.fs40.T852.0.gdot0.0.lammpstrj
90,450000,193662,2674,8.144602451694189,0.7389162561576355,15,2,8,40,0.0,AZ91_fs40_T852.0_shearYZ_gdot0.0,dump.production.Alrich.AZ91.fs40.T852.0.gdot0.0.lammpstrj
91,455000,193662,2706,8.171453356879512,0.725490803564974,21,5,8,40,0.0,AZ91_fs40_T852.0_shearYZ_gdot0.0,dump.production.Alrich.AZ91.fs40.T852.0.gdot0.0.lammpstrj
92,460000,193662,2762,8.123431545682685,0.7559562536790904,21,4,10,40,0.0,AZ91_fs40_T852.0_shearYZ_gdot0.0,dump.production.Alrich.AZ91.fs40.T852.0.gdot0.0.lammpstrj
93,465000,193662,2612,8.088318823517263,0.7373671654738668,20,2,8,40,0.0,AZ91_fs40_T852.0_shearYZ_gdot0.0,dump.production.Alrich.AZ91.fs40.T852.0.gdot0.0.lammpstrj
94,470000,193662,2711,8.118784273631379,0.7192944408298995,24,4,8,40,0.0,AZ91_fs40_T852.0_shearYZ_gdot0.0,dump.production.Alrich.AZ91.fs40.T852.0.gdot0.0.lammpstrj
95,475000,193662,2671,8.09812973118113,0.7435635282089413,18,3,8,40,0.0,AZ91_fs40_T852.0_shearYZ_gdot0.0,dump.production.Alrich.AZ91.fs40.T852.0.gdot0.0.lammpstrj
96,480000,193662,2636,8.112587910896304,0.7497598909440158,20,4,8,40,0.0,AZ91_fs40_T852.0_shearYZ_gdot0.0,dump.production.Alrich.AZ91.fs40.T852.0.gdot0.0.lammpstrj
97,485000,193662,2675,8.142536997449163,0.7662835249042145,26,3,8,40,0.0,AZ91_fs40_T852.0_shearYZ_gdot0.0,dump.production.Alrich.AZ91.fs40.T852.0.gdot0.0.lammpstrj
98,490000,193662,2693,8.155962450041827,0.7275562578099989,24,3,7,40,0.0,AZ91_fs40_T852.0_shearYZ_gdot0.0,dump.production.Alrich.AZ91.fs40.T852.0.gdot0.0.lammpstrj
99,495000,193662,2669,8.16887153907323,0.7611198892916525,22,2,8,40,0.0,AZ91_fs40_T852.0_shearYZ_gdot0.0,dump.production.Alrich.AZ91.fs40.T852.0.gdot0.0.lammpstrj
100,500000,193662,2720,8.252522435996736,0.7693817062717518,24,6,8,40,0.0,AZ91_fs40_T852.0_shearYZ_gdot0.0,dump.production.Alrich.AZ91.fs40.T852.0.gdot0.0.lammpstrj
80,400000,193662,2681,8.142020633887908,0.688312627154527,23,2,8,40,0.001,AZ91_fs40_T852.0_shearYZ_gdot0.001,dump.production.Alrich.AZ91.fs40.T852.0.gdot0.001.lammpstrj
81,405000,193662,2658,8.069729735312038,0.6748871745618655,14,3,7,40,0.001,AZ91_fs40_T852.0_shearYZ_gdot0.001,dump.production.Alrich.AZ91.fs40.T852.0.gdot0.001.lammpstrj
82,410000,193662,2683,8.18797699083971,0.688312627154527,19,3,7,40,0.001,AZ91_fs40_T852.0_shearYZ_gdot0.001,dump.production.Alrich.AZ91.fs40.T852.0.gdot0.001.lammpstrj
83,415000,193662,2708,8.118267910070122,0.6815999008581962,24,4,10,40,0.001,AZ91_fs40_T852.0_shearYZ_gdot0.001,dump.production.Alrich.AZ91.fs40.T852.0.gdot0.001.lammpstrj
84,420000,193662,2683,8.122398818560171,0.6733380838780969,16,3,8,40,0.001,AZ91_fs40_T852.0_shearYZ_gdot0.001,dump.production.Alrich.AZ91.fs40.T852.0.gdot0.001.lammpstrj
85,425000,193662,2764,8.120333364315147,0.6661089940205099,17,4,8,40,0.001,AZ91_fs40_T852.0_shearYZ_gdot0.001,dump.production.Alrich.AZ91.fs40.T852.0.gdot0.001.lammpstrj
86,430000,193662,2649,8.124464272805197,0.6945089898896015,12,2,7,40,0.001,AZ91_fs40_T852.0_shearYZ_gdot0.001,dump.production.Alrich.AZ91.fs40.T852.0.gdot0.001.lammpstrj
87,435000,193662,2603,7.991242474001095,0.663527176214229,17,4,9,40,0.001,AZ91_fs40_T852.0_shearYZ_gdot0.001,dump.production.Alrich.AZ91.fs40.T852.0.gdot0.001.lammpstrj
88,440000,193662,2596,8.041329739442947,0.668690811826791,18,5,10,40,0.001,AZ91_fs40_T852.0_shearYZ_gdot0.001,dump.production.Alrich.AZ91.fs40.T852.0.gdot0.001.lammpstrj
89,445000,193662,2653,8.058369736964401,0.6650762668979976,20,3,8,40,0.001,AZ91_fs40_T852.0_shearYZ_gdot0.001,dump.production.Alrich.AZ91.fs40.T852.0.gdot0.001.lammpstrj
90,450000,193662,2592,7.990726110439839,0.6320289989776001,14,1,7,40,0.001,AZ91_fs40_T852.0_shearYZ_gdot0.001,dump.production.Alrich.AZ91.fs40.T852.0.gdot0.001.lammpstrj
91,455000,193662,2633,8.02996974109531,0.6950253534508577,18,4,8,40,0.001,AZ91_fs40_T852.0_shearYZ_gdot0.001,dump.production.Alrich.AZ91.fs40.T852.0.gdot0.001.lammpstrj
92,460000,193662,2662,8.031002468217823,0.6800508101744276,17,3,8,40,0.001,AZ91_fs40_T852.0_shearYZ_gdot0.001,dump.production.Alrich.AZ91.fs40.T852.0.gdot0.001.lammpstrj
93,465000,193662,2644,8.077991552292138,0.6568144499178982,18,3,8,40,0.001,AZ91_fs40_T852.0_shearYZ_gdot0.001,dump.production.Alrich.AZ91.fs40.T852.0.gdot0.001.lammpstrj
94,470000,193662,2587,8.042878830126716,0.6681744482655347,17,1,7,40,0.001,AZ91_fs40_T852.0_shearYZ_gdot0.001,dump.production.Alrich.AZ91.fs40.T852.0.gdot0.001.lammpstrj
95,475000,193662,2588,7.969555204428334,0.6743708110006092,17,2,7,40,0.001,AZ91_fs40_T852.0_shearYZ_gdot0.001,dump.production.Alrich.AZ91.fs40.T852.0.gdot0.001.lammpstrj
96,480000,193662,2581,7.954064297590648,0.6521671778665923,14,2,7,40,0.001,AZ91_fs40_T852.0_shearYZ_gdot0.001,dump.production.Alrich.AZ91.fs40.T852.0.gdot0.001.lammpstrj
97,485000,193662,2558,7.987111565511045,0.6480362693765426,12,4,10,40,0.001,AZ91_fs40_T852.0_shearYZ_gdot0.001,dump.production.Alrich.AZ91.fs40.T852.0.gdot0.001.lammpstrj
98,490000,193662,2610,7.945286117049292,0.6614617219692042,15,5,11,40,0.001,AZ91_fs40_T852.0_shearYZ_gdot0.001,dump.production.Alrich.AZ91.fs40.T852.0.gdot0.001.lammpstrj
99,495000,193662,2583,7.958711569641953,0.6614617219692042,18,5,8,40,0.001,AZ91_fs40_T852.0_shearYZ_gdot0.001,dump.production.Alrich.AZ91.fs40.T852.0.gdot0.001.lammpstrj
100,500000,193662,2576,7.998471563858682,0.6774689923681466,14,3,7,40,0.001,AZ91_fs40_T852.0_shearYZ_gdot0.001,dump.production.Alrich.AZ91.fs40.T852.0.gdot0.001.lammpstrj
80,80000,193662,2952,8.522580578533734,0.7957162478958184,29,5,9,40,0.005,AZ91_fs40_T852.0_shearYZ_gdot0.005,dump.production.Alrich.AZ91.fs40.T852.0.gdot0.005.lammpstrj
81,81000,193662,2928,8.56130784562795,0.7828071588644132,25,5,10,40,0.005,AZ91_fs40_T852.0_shearYZ_gdot0.005,dump.production.Alrich.AZ91.fs40.T852.0.gdot0.005.lammpstrj
82,82000,193662,2913,8.528260577707552,0.7709307969555205,32,6,12,40,0.005,AZ91_fs40_T852.0_shearYZ_gdot0.005,dump.production.Alrich.AZ91.fs40.T852.0.gdot0.005.lammpstrj
83,83000,193662,2917,8.565955117679255,0.7564726172403465,25,7,8,40,0.005,AZ91_fs40_T852.0_shearYZ_gdot0.005,dump.production.Alrich.AZ91.fs40.T852.0.gdot0.005.lammpstrj
84,84000,193662,2870,8.530842395513833,0.7951998843345622,26,7,9,40,0.005,AZ91_fs40_T852.0_shearYZ_gdot0.005,dump.production.Alrich.AZ91.fs40.T852.0.gdot0.005.lammpstrj
85,85000,193662,2988,8.532907849758859,0.7859053402319506,32,7,10,40,0.005,AZ91_fs40_T852.0_shearYZ_gdot0.005,dump.production.Alrich.AZ91.fs40.T852.0.gdot0.005.lammpstrj
86,86000,193662,2964,8.654253286654068,0.801912610630893,25,7,8,40,0.005,AZ91_fs40_T852.0_shearYZ_gdot0.005,dump.production.Alrich.AZ91.fs40.T852.0.gdot0.005.lammpstrj
87,87000,193662,2957,8.644958742551456,0.8008798835083806,35,5,10,40,0.005,AZ91_fs40_T852.0_shearYZ_gdot0.005,dump.production.Alrich.AZ91.fs40.T852.0.gdot0.005.lammpstrj
88,88000,193662,3042,8.708987824147226,0.8122398818560173,29,6,9,40,0.005,AZ91_fs40_T852.0_shearYZ_gdot0.005,dump.production.Alrich.AZ91.fs40.T852.0.gdot0.005.lammpstrj
89,89000,193662,2974,8.596420567793373,0.8024289741921492,25,4,9,40,0.005,AZ91_fs40_T852.0_shearYZ_gdot0.005,dump.production.Alrich.AZ91.fs40.T852.0.gdot0.005.lammpstrj
90,90000,193662,2903,8.625853290784976,0.7554398901178342,29,6,9,40,0.005,AZ91_fs40_T852.0_shearYZ_gdot0.005,dump.production.Alrich.AZ91.fs40.T852.0.gdot0.005.lammpstrj
91,91000,193662,2919,8.58712602369076,0.7611198892916525,31,8,9,40,0.005,AZ91_fs40_T852.0_shearYZ_gdot0.005,dump.production.Alrich.AZ91.fs40.T852.0.gdot0.005.lammpstrj
92,92000,193662,2935,8.561824209189206,0.772479887639289,33,6,8,40,0.005,AZ91_fs40_T852.0_shearYZ_gdot0.005,dump.production.Alrich.AZ91.fs40.T852.0.gdot0.005.lammpstrj
93,93000,193662,3012,8.592806022864579,0.7528580723115531,36,7,8,40,0.005,AZ91_fs40_T852.0_shearYZ_gdot0.005,dump.production.Alrich.AZ91.fs40.T852.0.gdot0.005.lammpstrj
94,94000,193662,3030,8.56956966260805,0.7637017070979335,31,4,9,40,0.005,AZ91_fs40_T852.0_shearYZ_gdot0.005,dump.production.Alrich.AZ91.fs40.T852.0.gdot0.005.lammpstrj
95,95000,193662,3000,8.59538784067086,0.7492435273827597,29,6,7,40,0.005,AZ91_fs40_T852.0_shearYZ_gdot0.005,dump.production.Alrich.AZ91.fs40.T852.0.gdot0.005.lammpstrj
96,96000,193662,2859,8.456486042692939,0.7291053484937675,24,6,9,40,0.005,AZ91_fs40_T852.0_shearYZ_gdot0.005,dump.production.Alrich.AZ91.fs40.T852.0.gdot0.005.lammpstrj
97,97000,193662,2919,8.579896933833172,0.7192944408298995,23,3,8,40,0.005,AZ91_fs40_T852.0_shearYZ_gdot0.005,dump.production.Alrich.AZ91.fs40.T852.0.gdot0.005.lammpstrj
98,98000,193662,2895,8.555111482892876,0.7275562578099989,35,6,11,40,0.005,AZ91_fs40_T852.0_shearYZ_gdot0.005,dump.production.Alrich.AZ91.fs40.T852.0.gdot0.005.lammpstrj
99,99000,193662,2897,8.513286034431122,0.762668979975421,31,5,8,40,0.005,AZ91_fs40_T852.0_shearYZ_gdot0.005,dump.production.Alrich.AZ91.fs40.T852.0.gdot0.005.lammpstrj
100,100000,193662,2890,8.472493313091881,0.7559562536790904,27,6,8,40,0.005,AZ91_fs40_T852.0_shearYZ_gdot0.005,dump.production.Alrich.AZ91.fs40.T852.0.gdot0.005.lammpstrj
80,40000,193662,2982,8.738936910700087,0.8230835166423975,32,7,9,40,0.01,AZ91_fs40_T852.0_shearYZ_gdot0.01,dump.production.Alrich.AZ91.fs40.T852.0.gdot0.01.lammpstrj
81,40500,193662,3036,8.771467815059227,0.7977817021408434,31,7,8,40,0.01,AZ91_fs40_T852.0_shearYZ_gdot0.01,dump.production.Alrich.AZ91.fs40.T852.0.gdot0.01.lammpstrj
82,41000,193662,3085,8.766304179446664,0.814305336101042,31,8,11,40,0.01,AZ91_fs40_T852.0_shearYZ_gdot0.01,dump.production.Alrich.AZ91.fs40.T852.0.gdot0.01.lammpstrj
83,41500,193662,2988,8.72602782166868,0.8303126064999845,32,6,9,40,0.01,AZ91_fs40_T852.0_shearYZ_gdot0.01,dump.production.Alrich.AZ91.fs40.T852.0.gdot0.01.lammpstrj
84,42000,193662,2988,8.722413276739887,0.797265338579587,30,11,8,40,0.01,AZ91_fs40_T852.0_shearYZ_gdot0.01,dump.production.Alrich.AZ91.fs40.T852.0.gdot0.01.lammpstrj
85,42500,193662,3025,8.682136918961902,0.7802253410581322,29,7,8,40,0.01,AZ91_fs40_T852.0_shearYZ_gdot0.01,dump.production.Alrich.AZ91.fs40.T852.0.gdot0.01.lammpstrj
86,43000,193662,2969,8.699693280044613,0.7657671613429584,30,10,8,40,0.01,AZ91_fs40_T852.0_shearYZ_gdot0.01,dump.production.Alrich.AZ91.fs40.T852.0.gdot0.01.lammpstrj
87,43500,193662,3003,8.68110419183939,0.7982980657020996,28,7,9,40,0.01,AZ91_fs40_T852.0_shearYZ_gdot0.01,dump.production.Alrich.AZ91.fs40.T852.0.gdot0.01.lammpstrj
88,44000,193662,2973,8.702275097850896,0.7797089774968761,38,9,9,40,0.01,AZ91_fs40_T852.0_shearYZ_gdot0.01,dump.production.Alrich.AZ91.fs40.T852.0.gdot0.01.lammpstrj
89,44500,193662,3074,8.695562371554564,0.7642180706591897,34,8,8,40,0.01,AZ91_fs40_T852.0_shearYZ_gdot0.01,dump.production.Alrich.AZ91.fs40.T852.0.gdot0.01.lammpstrj
90,45000,193662,3072,8.714667823321044,0.7910689758445126,29,7,8,40,0.01,AZ91_fs40_T852.0_shearYZ_gdot0.01,dump.production.Alrich.AZ91.fs40.T852.0.gdot0.01.lammpstrj
91,45500,193662,3018,8.689366008819489,0.76008716216914,25,5,9,40,0.01,AZ91_fs40_T852.0_shearYZ_gdot0.01,dump.production.Alrich.AZ91.fs40.T852.0.gdot0.01.lammpstrj
92,46000,193662,3030,8.692980553748283,0.782290795303157,32,7,9,40,0.01,AZ91_fs40_T852.0_shearYZ_gdot0.01,dump.production.Alrich.AZ91.fs40.T852.0.gdot0.01.lammpstrj
93,46500,193662,2913,8.58299511520071,0.7714471605167766,31,5,9,40,0.01,AZ91_fs40_T852.0_shearYZ_gdot0.01,dump.production.Alrich.AZ91.fs40.T852.0.gdot0.01.lammpstrj
94,47000,193662,2923,8.679038737594365,0.7786762503743636,36,7,10,40,0.01,AZ91_fs40_T852.0_shearYZ_gdot0.01,dump.production.Alrich.AZ91.fs40.T852.0.gdot0.01.lammpstrj
95,47500,193662,3014,8.65786783158286,0.7735126147618016,31,6,8,40,0.01,AZ91_fs40_T852.0_shearYZ_gdot0.01,dump.production.Alrich.AZ91.fs40.T852.0.gdot0.01.lammpstrj
96,48000,193662,2939,8.640827834061406,0.7776435232518512,30,4,10,40,0.01,AZ91_fs40_T852.0_shearYZ_gdot0.01,dump.production.Alrich.AZ91.fs40.T852.0.gdot0.01.lammpstrj
97,48500,193662,2936,8.660449649389141,0.7890035215994878,27,6,9,40,0.01,AZ91_fs40_T852.0_shearYZ_gdot0.01,dump.production.Alrich.AZ91.fs40.T852.0.gdot0.01.lammpstrj
98,49000,193662,2966,8.695046007993309,0.789519885160744,29,9,10,40,0.01,AZ91_fs40_T852.0_shearYZ_gdot0.01,dump.production.Alrich.AZ91.fs40.T852.0.gdot0.01.lammpstrj
99,49500,193662,3021,8.706406006340945,0.76008716216914,31,6,10,40,0.01,AZ91_fs40_T852.0_shearYZ_gdot0.01,dump.production.Alrich.AZ91.fs40.T852.0.gdot0.01.lammpstrj
100,50000,193662,2976,8.672842374859291,0.7580217079241152,36,5,8,40,0.01,AZ91_fs40_T852.0_shearYZ_gdot0.01,dump.production.Alrich.AZ91.fs40.T852.0.gdot0.01.lammpstrj
80,20000,193662,3018,8.932056882609908,0.8499344218277204,34,7,9,40,0.02,AZ91_fs40_T852.0_shearYZ_gdot0.02,dump.production.Alrich.AZ91.fs40.T852.0.gdot0.02.lammpstrj
81,20250,193662,3034,8.854602348421476,0.8235998802036537,37,8,11,40,0.02,AZ91_fs40_T852.0_shearYZ_gdot0.02,dump.production.Alrich.AZ91.fs40.T852.0.gdot0.02.lammpstrj
82,20500,193662,3068,8.805547810102137,0.8261816980099349,37,7,9,40,0.02,AZ91_fs40_T852.0_shearYZ_gdot0.02,dump.production.Alrich.AZ91.fs40.T852.0.gdot0.02.lammpstrj
83,20750,193662,3074,8.854602348421476,0.8303126064999845,33,5,8,40,0.02,AZ91_fs40_T852.0_shearYZ_gdot0.02,dump.production.Alrich.AZ91.fs40.T852.0.gdot0.02.lammpstrj
84,21000,193662,3055,8.818456899133542,0.829279879377472,43,6,11,40,0.02,AZ91_fs40_T852.0_shearYZ_gdot0.02,dump.production.Alrich.AZ91.fs40.T852.0.gdot0.02.lammpstrj
85,21250,193662,3019,8.810195082153442,0.8401235141638526,32,5,8,40,0.02,AZ91_fs40_T852.0_shearYZ_gdot0.02,dump.production.Alrich.AZ91.fs40.T852.0.gdot0.02.lammpstrj
86,21500,193662,3054,8.847889622125146,0.8065598826821989,36,8,8,40,0.02,AZ91_fs40_T852.0_shearYZ_gdot0.02,dump.production.Alrich.AZ91.fs40.T852.0.gdot0.02.lammpstrj
87,21750,193662,3042,8.774049632865507,0.8385744234800839,33,6,9,40,0.02,AZ91_fs40_T852.0_shearYZ_gdot0.02,dump.production.Alrich.AZ91.fs40.T852.0.gdot0.02.lammpstrj
88,22000,193662,3033,8.835496896654996,0.8132726089785295,31,6,8,40,0.02,AZ91_fs40_T852.0_shearYZ_gdot0.02,dump.production.Alrich.AZ91.fs40.T852.0.gdot0.02.lammpstrj
89,22250,193662,3033,8.92895870124237,0.8401235141638526,33,4,8,40,0.02,AZ91_fs40_T852.0_shearYZ_gdot0.02,dump.production.Alrich.AZ91.fs40.T852.0.gdot0.02.lammpstrj
90,22500,193662,3028,8.813293263520979,0.7957162478958184,33,8,9,40,0.02,AZ91_fs40_T852.0_shearYZ_gdot0.02,dump.production.Alrich.AZ91.fs40.T852.0.gdot0.02.lammpstrj
91,22750,193662,2982,8.749780545486466,0.829279879377472,37,6,11,40,0.02,AZ91_fs40_T852.0_shearYZ_gdot0.02,dump.production.Alrich.AZ91.fs40.T852.0.gdot0.02.lammpstrj
92,23000,193662,3001,8.838595078022534,0.8101744276109925,31,5,8,40,0.02,AZ91_fs40_T852.0_shearYZ_gdot0.02,dump.production.Alrich.AZ91.fs40.T852.0.gdot0.02.lammpstrj
93,23250,193662,3015,8.801933265173343,0.8266980615711911,40,8,10,40,0.02,AZ91_fs40_T852.0_shearYZ_gdot0.02,dump.production.Alrich.AZ91.fs40.T852.0.gdot0.02.lammpstrj
94,23500,193662,3027,8.876805981555494,0.7977817021408434,35,5,8,40,0.02,AZ91_fs40_T852.0_shearYZ_gdot0.02,dump.production.Alrich.AZ91.fs40.T852.0.gdot0.02.lammpstrj
95,23750,193662,3032,8.873707800187956,0.7936507936507936,33,7,12,40,0.02,AZ91_fs40_T852.0_shearYZ_gdot0.02,dump.production.Alrich.AZ91.fs40.T852.0.gdot0.02.lammpstrj
96,24000,193662,3052,8.784376904090632,0.8148216996622982,32,8,8,40,0.02,AZ91_fs40_T852.0_shearYZ_gdot0.02,dump.production.Alrich.AZ91.fs40.T852.0.gdot0.02.lammpstrj
97,24250,193662,3015,8.745649636996417,0.7843562495481818,35,5,9,40,0.02,AZ91_fs40_T852.0_shearYZ_gdot0.02,dump.production.Alrich.AZ91.fs40.T852.0.gdot0.02.lammpstrj
98,24500,193662,3059,8.770435087936715,0.8055271555596865,29,6,8,40,0.02,AZ91_fs40_T852.0_shearYZ_gdot0.02,dump.production.Alrich.AZ91.fs40.T852.0.gdot0.02.lammpstrj
99,24750,193662,3065,8.78747508545817,0.8081089733659674,36,7,9,40,0.02,AZ91_fs40_T852.0_shearYZ_gdot0.02,dump.production.Alrich.AZ91.fs40.T852.0.gdot0.02.lammpstrj
100,25000,193662,3019,8.688849645258232,0.8189526081523479,29,8,9,40,0.02,AZ91_fs40_T852.0_shearYZ_gdot0.02,dump.production.Alrich.AZ91.fs40.T852.0.gdot0.02.lammpstrj
80,400000,193662,2671,7.982980657020995,0.7590544350466276,20,6,10,60,0.0,AZ91_fs60_T833.0_shearYZ_gdot0.0,dump.production.Alrich.AZ91.fs60.T833.0.gdot0.0.lammpstrj
81,405000,193662,2666,7.975235203602152,0.747694436698991,21,3,9,60,0.0,AZ91_fs60_T833.0_shearYZ_gdot0.0,dump.production.Alrich.AZ91.fs60.T833.0.gdot0.0.lammpstrj
82,410000,193662,2681,8.006217017277525,0.754923526556578,17,4,8,60,0.0,AZ91_fs60_T833.0_shearYZ_gdot0.0,dump.production.Alrich.AZ91.fs60.T833.0.gdot0.0.lammpstrj
83,415000,193662,2651,7.971620658673359,0.762668979975421,23,4,8,60,0.0,AZ91_fs60_T833.0_shearYZ_gdot0.0,dump.production.Alrich.AZ91.fs60.T833.0.gdot0.0.lammpstrj
84,420000,193662,2666,7.8435624954818195,0.7544071629953217,23,4,9,60,0.0,AZ91_fs60_T833.0_shearYZ_gdot0.0,dump.production.Alrich.AZ91.fs60.T833.0.gdot0.0.lammpstrj
85,425000,193662,2636,7.92101702967025,0.7631853435366773,20,2,7,60,0.0,AZ91_fs60_T833.0_shearYZ_gdot0.0,dump.production.Alrich.AZ91.fs60.T833.0.gdot0.0.lammpstrj
86,430000,193662,2611,7.907591577077588,0.757505344362859,20,4,7,60,0.0,AZ91_fs60_T833.0_shearYZ_gdot0.0,dump.production.Alrich.AZ91.fs60.T833.0.gdot0.0.lammpstrj
87,435000,193662,2591,7.870929764228397,0.7538907994340655,21,5,9,60,0.0,AZ91_fs60_T833.0_shearYZ_gdot0.0,dump.production.Alrich.AZ91.fs60.T833.0.gdot0.0.lammpstrj
88,440000,193662,2627,7.897264305852465,0.7389162561576355,23,4,8,60,0.0,AZ91_fs60_T833.0_shearYZ_gdot0.0,dump.production.Alrich.AZ91.fs60.T833.0.gdot0.0.lammpstrj
89,445000,193662,2632,7.872478854912167,0.735301711228842,20,4,8,60,0.0,AZ91_fs60_T833.0_shearYZ_gdot0.0,dump.production.Alrich.AZ91.fs60.T833.0.gdot0.0.lammpstrj
90,450000,193662,2591,7.799155229213785,0.7642180706591897,15,2,7,60,0.0,AZ91_fs60_T833.0_shearYZ_gdot0.0,dump.production.Alrich.AZ91.fs60.T833.0.gdot0.0.lammpstrj
91,455000,193662,2608,7.833235224256694,0.769898069833008,18,6,8,60,0.0,AZ91_fs60_T833.0_shearYZ_gdot0.0,dump.production.Alrich.AZ91.fs60.T833.0.gdot0.0.lammpstrj
92,460000,193662,2621,7.878675217647241,0.7445962553314538,18,5,8,60,0.0,AZ91_fs60_T833.0_shearYZ_gdot0.0,dump.production.Alrich.AZ91.fs60.T833.0.gdot0.0.lammpstrj
93,465000,193662,2567,7.882806126137291,0.7203271679524119,20,3,8,60,0.0,AZ91_fs60_T833.0_shearYZ_gdot0.0,dump.production.Alrich.AZ91.fs60.T833.0.gdot0.0.lammpstrj
94,470000,193662,2585,7.819293408102777,0.7265235306874864,13,3,8,60,0.0,AZ91_fs60_T833.0_shearYZ_gdot0.0,dump.production.Alrich.AZ91.fs60.T833.0.gdot0.0.lammpstrj
95,475000,193662,2589,7.794507957162479,0.7394326197188916,26,3,8,60,0.0,AZ91_fs60_T833.0_shearYZ_gdot0.0,dump.production.Alrich.AZ91.fs60.T833.0.gdot0.0.lammpstrj
96,480000,193662,2564,7.818260680980265,0.7099998967272878,17,3,7,60,0.0,AZ91_fs60_T833.0_shearYZ_gdot0.0,dump.production.Alrich.AZ91.fs60.T833.0.gdot0.0.lammpstrj
97,485000,193662,2551,7.840980677675538,0.7389162561576355,18,2,7,60,0.0,AZ91_fs60_T833.0_shearYZ_gdot0.0,dump.production.Alrich.AZ91.fs60.T833.0.gdot0.0.lammpstrj
98,490000,193662,2582,7.874027945595935,0.737883529035123,21,5,8,60,0.0,AZ91_fs60_T833.0_shearYZ_gdot0.0,dump.production.Alrich.AZ91.fs60.T833.0.gdot0.0.lammpstrj
99,495000,193662,2600,7.859053402319505,0.7435635282089413,21,6,8,60,0.0,AZ91_fs60_T833.0_shearYZ_gdot0.0,dump.production.Alrich.AZ91.fs60.T833.0.gdot0.0.lammpstrj
100,500000,193662,2517,7.8001879563362975,0.7234253493199492,19,4,8,60,0.0,AZ91_fs60_T833.0_shearYZ_gdot0.0,dump.production.Alrich.AZ91.fs60.T833.0.gdot0.0.lammpstrj
80,400000,193662,2659,7.998471563858682,0.7198108043911557,20,1,7,60,0.001,AZ91_fs60_T833.0_shearYZ_gdot0.001,dump.production.Alrich.AZ91.fs60.T833.0.gdot0.001.lammpstrj
81,405000,193662,2716,7.9194679389864815,0.7275562578099989,24,3,7,60,0.001,AZ91_fs60_T833.0_shearYZ_gdot0.001,dump.production.Alrich.AZ91.fs60.T833.0.gdot0.001.lammpstrj
82,410000,193662,2658,7.947351571294317,0.7223926221974368,21,2,8,60,0.001,AZ91_fs60_T833.0_shearYZ_gdot0.001,dump.production.Alrich.AZ91.fs60.T833.0.gdot0.001.lammpstrj
83,415000,193662,2633,7.987627929072301,0.7249744400037178,17,3,9,60,0.001,AZ91_fs60_T833.0_shearYZ_gdot0.001,dump.production.Alrich.AZ91.fs60.T833.0.gdot0.001.lammpstrj
84,420000,193662,2592,7.9380570271917055,0.7347853476675859,15,2,7,60,0.001,AZ91_fs60_T833.0_shearYZ_gdot0.001,dump.production.Alrich.AZ91.fs60.T833.0.gdot0.001.lammpstrj
85,425000,193662,2585,7.867315219299605,0.7136144416560812,18,2,10,60,0.001,AZ91_fs60_T833.0_shearYZ_gdot0.001,dump.production.Alrich.AZ91.fs60.T833.0.gdot0.001.lammpstrj
86,430000,193662,2608,7.874544309157192,0.7110326238498001,21,5,8,60,0.001,AZ91_fs60_T833.0_shearYZ_gdot0.001,dump.production.Alrich.AZ91.fs60.T833.0.gdot0.001.lammpstrj
87,435000,193662,2664,7.838398859869257,0.7115489874110563,15,1,7,60,0.001,AZ91_fs60_T833.0_shearYZ_gdot0.001,dump.production.Alrich.AZ91.fs60.T833.0.gdot0.001.lammpstrj
88,440000,193662,2566,7.901911577903771,0.747694436698991,22,2,7,60,0.001,AZ91_fs60_T833.0_shearYZ_gdot0.001,dump.production.Alrich.AZ91.fs60.T833.0.gdot0.001.lammpstrj
89,445000,193662,2630,7.958711569641953,0.7234253493199492,18,2,7,60,0.001,AZ91_fs60_T833.0_shearYZ_gdot0.001,dump.production.Alrich.AZ91.fs60.T833.0.gdot0.001.lammpstrj
90,450000,193662,2561,7.874027945595935,0.7368508019126107,25,2,8,60,0.001,AZ91_fs60_T833.0_shearYZ_gdot0.001,dump.production.Alrich.AZ91.fs60.T833.0.gdot0.001.lammpstrj
91,455000,193662,2580,7.8874533981885975,0.7234253493199492,24,4,8,60,0.001,AZ91_fs60_T833.0_shearYZ_gdot0.001,dump.production.Alrich.AZ91.fs60.T833.0.gdot0.001.lammpstrj
92,460000,193662,2664,7.88435521682106,0.735301711228842,21,1,7,60,0.001,AZ91_fs60_T833.0_shearYZ_gdot0.001,dump.production.Alrich.AZ91.fs60.T833.0.gdot0.001.lammpstrj
93,465000,193662,2576,7.857504311635736,0.7358180747900982,21,1,7,60,0.001,AZ91_fs60_T833.0_shearYZ_gdot0.001,dump.production.Alrich.AZ91.fs60.T833.0.gdot0.001.lammpstrj
94,470000,193662,2618,7.836849769185489,0.7280726213712551,24,2,8,60,0.001,AZ91_fs60_T833.0_shearYZ_gdot0.001,dump.production.Alrich.AZ91.fs60.T833.0.gdot0.001.lammpstrj
95,475000,193662,2599,7.896747942291209,0.7487271638215035,21,5,9,60,0.001,AZ91_fs60_T833.0_shearYZ_gdot0.001,dump.production.Alrich.AZ91.fs60.T833.0.gdot0.001.lammpstrj
96,480000,193662,2652,7.935475209385425,0.7265235306874864,16,3,7,60,0.001,AZ91_fs60_T833.0_shearYZ_gdot0.001,dump.production.Alrich.AZ91.fs60.T833.0.gdot0.001.lammpstrj
97,485000,193662,2612,7.901395214342514,0.747694436698991,19,1,7,60,0.001,AZ91_fs60_T833.0_shearYZ_gdot0.001,dump.production.Alrich.AZ91.fs60.T833.0.gdot0.001.lammpstrj
98,490000,193662,2558,7.894682488046184,0.7146471687785937,21,1,7,60,0.001,AZ91_fs60_T833.0_shearYZ_gdot0.001,dump.production.Alrich.AZ91.fs60.T833.0.gdot0.001.lammpstrj
99,495000,193662,2566,7.8001879563362975,0.7327198934225609,20,1,7,60,0.001,AZ91_fs60_T833.0_shearYZ_gdot0.001,dump.production.Alrich.AZ91.fs60.T833.0.gdot0.001.lammpstrj
100,500000,193662,2625,7.921533393231507,0.7187780772686434,18,1,7,60,0.001,AZ91_fs60_T833.0_shearYZ_gdot0.001,dump.production.Alrich.AZ91.fs60.T833.0.gdot0.001.lammpstrj
80,80000,193662,2982,8.364056965228079,0.8354762421125466,34,5,12,60,0.005,AZ91_fs60_T833.0_shearYZ_gdot0.005,dump.production.Alrich.AZ91.fs60.T833.0.gdot0.005.lammpstrj
81,81000,193662,2948,8.478689675826956,0.8303126064999845,36,10,14,60,0.005,AZ91_fs60_T833.0_shearYZ_gdot0.005,dump.production.Alrich.AZ91.fs60.T833.0.gdot0.005.lammpstrj
82,82000,193662,2972,8.390907870413402,0.8344435149900341,36,9,10,60,0.005,AZ91_fs60_T833.0_shearYZ_gdot0.005,dump.production.Alrich.AZ91.fs60.T833.0.gdot0.005.lammpstrj
83,83000,193662,2899,8.34753333126788,0.8174035174685793,30,4,8,60,0.005,AZ91_fs60_T833.0_shearYZ_gdot0.005,dump.production.Alrich.AZ91.fs60.T833.0.gdot0.005.lammpstrj
84,84000,193662,2857,8.363540601666822,0.7982980657020996,30,4,12,60,0.005,AZ91_fs60_T833.0_shearYZ_gdot0.005,dump.production.Alrich.AZ91.fs60.T833.0.gdot0.005.lammpstrj
85,85000,193662,2941,8.493664219103387,0.8375416963575714,37,11,14,60,0.005,AZ91_fs60_T833.0_shearYZ_gdot0.005,dump.production.Alrich.AZ91.fs60.T833.0.gdot0.005.lammpstrj
86,86000,193662,3011,8.446675135029071,0.8468362404601831,34,4,11,60,0.005,AZ91_fs60_T833.0_shearYZ_gdot0.005,dump.production.Alrich.AZ91.fs60.T833.0.gdot0.005.lammpstrj
87,87000,193662,2978,8.405366050128576,0.8328944243062656,28,8,13,60,0.005,AZ91_fs60_T833.0_shearYZ_gdot0.005,dump.production.Alrich.AZ91.fs60.T833.0.gdot0.005.lammpstrj
88,88000,193662,2942,8.462166041866757,0.8489016947052082,34,6,10,60,0.005,AZ91_fs60_T833.0_shearYZ_gdot0.005,dump.production.Alrich.AZ91.fs60.T833.0.gdot0.005.lammpstrj
89,89000,193662,2904,8.467846041040577,0.8055271555596865,36,8,10,60,0.005,AZ91_fs60_T833.0_shearYZ_gdot0.005,dump.production.Alrich.AZ91.fs60.T833.0.gdot0.005.lammpstrj
90,90000,193662,2927,8.396587869587218,0.797265338579587,35,6,10,60,0.005,AZ91_fs60_T833.0_shearYZ_gdot0.005,dump.production.Alrich.AZ91.fs60.T833.0.gdot0.005.lammpstrj
91,91000,193662,2931,8.391424233974657,0.8050107919984303,35,5,14,60,0.005,AZ91_fs60_T833.0_shearYZ_gdot0.005,dump.production.Alrich.AZ91.fs60.T833.0.gdot0.005.lammpstrj
92,92000,193662,2874,8.345467877022854,0.8075926098047113,39,6,11,60,0.005,AZ91_fs60_T833.0_shearYZ_gdot0.005,dump.production.Alrich.AZ91.fs60.T833.0.gdot0.005.lammpstrj
93,93000,193662,2990,8.388842416168375,0.8323780607450093,39,10,13,60,0.005,AZ91_fs60_T833.0_shearYZ_gdot0.005,dump.production.Alrich.AZ91.fs60.T833.0.gdot0.005.lammpstrj
94,94000,193662,2991,8.443060590100277,0.8261816980099349,37,11,12,60,0.005,AZ91_fs60_T833.0_shearYZ_gdot0.005,dump.production.Alrich.AZ91.fs60.T833.0.gdot0.005.lammpstrj
95,95000,193662,2915,8.361991510983053,0.8091417004884799,32,3,8,60,0.005,AZ91_fs60_T833.0_shearYZ_gdot0.005,dump.production.Alrich.AZ91.fs60.T833.0.gdot0.005.lammpstrj
96,96000,193662,2925,8.415693321353698,0.8132726089785295,39,7,10,60,0.005,AZ91_fs60_T833.0_shearYZ_gdot0.005,dump.production.Alrich.AZ91.fs60.T833.0.gdot0.005.lammpstrj
97,97000,193662,2869,8.372318782208177,0.8494180582664643,41,9,11,60,0.005,AZ91_fs60_T833.0_shearYZ_gdot0.005,dump.production.Alrich.AZ91.fs60.T833.0.gdot0.005.lammpstrj
98,98000,193662,2953,8.443060590100277,0.829279879377472,34,8,10,60,0.005,AZ91_fs60_T833.0_shearYZ_gdot0.005,dump.production.Alrich.AZ91.fs60.T833.0.gdot0.005.lammpstrj
99,99000,193662,2977,8.347016967706624,0.8592289659303322,38,8,9,60,0.005,AZ91_fs60_T833.0_shearYZ_gdot0.005,dump.production.Alrich.AZ91.fs60.T833.0.gdot0.005.lammpstrj
100,100000,193662,2894,8.4616496783055,0.8483853311439518,39,9,10,60,0.005,AZ91_fs60_T833.0_shearYZ_gdot0.005,dump.production.Alrich.AZ91.fs60.T833.0.gdot0.005.lammpstrj
80,40000,193662,3078,8.702275097850896,0.8406398777251087,38,10,10,60,0.01,AZ91_fs60_T833.0_shearYZ_gdot0.01,dump.production.Alrich.AZ91.fs60.T833.0.gdot0.01.lammpstrj
81,40500,193662,3067,8.590740568619553,0.8612944201753572,39,7,12,60,0.01,AZ91_fs60_T833.0_shearYZ_gdot0.01,dump.production.Alrich.AZ91.fs60.T833.0.gdot0.01.lammpstrj
82,41000,193662,3055,8.646507833235225,0.8581962388078198,36,6,15,60,0.01,AZ91_fs60_T833.0_shearYZ_gdot0.01,dump.production.Alrich.AZ91.fs60.T833.0.gdot0.01.lammpstrj
83,41500,193662,3017,8.681620555400645,0.8514835125114891,41,7,10,60,0.01,AZ91_fs60_T833.0_shearYZ_gdot0.01,dump.production.Alrich.AZ91.fs60.T833.0.gdot0.01.lammpstrj
84,42000,193662,3029,8.65786783158286,0.8530326031952578,36,9,11,60,0.01,AZ91_fs60_T833.0_shearYZ_gdot0.01,dump.production.Alrich.AZ91.fs60.T833.0.gdot0.01.lammpstrj
85,42500,193662,3007,8.600035112722166,0.829279879377472,44,7,10,60,0.01,AZ91_fs60_T833.0_shearYZ_gdot0.01,dump.production.Alrich.AZ91.fs60.T833.0.gdot0.01.lammpstrj
86,43000,193662,3032,8.672842374859291,0.8380580599188275,42,9,9,60,0.01,AZ91_fs60_T833.0_shearYZ_gdot0.01,dump.production.Alrich.AZ91.fs60.T833.0.gdot0.01.lammpstrj
87,43500,193662,2949,8.56130784562795,0.8447707862151583,40,8,9,60,0.01,AZ91_fs60_T833.0_shearYZ_gdot0.01,dump.production.Alrich.AZ91.fs60.T833.0.gdot0.01.lammpstrj
88,44000,193662,2999,8.633082380642563,0.8390907870413401,44,9,10,60,0.01,AZ91_fs60_T833.0_shearYZ_gdot0.01,dump.production.Alrich.AZ91.fs60.T833.0.gdot0.01.lammpstrj
89,44500,193662,3048,8.570086026169305,0.8380580599188275,42,10,10,60,0.01,AZ91_fs60_T833.0_shearYZ_gdot0.01,dump.production.Alrich.AZ91.fs60.T833.0.gdot0.01.lammpstrj
90,45000,193662,2995,8.597453294915884,0.8225671530811415,41,6,12,60,0.01,AZ91_fs60_T833.0_shearYZ_gdot0.01,dump.production.Alrich.AZ91.fs60.T833.0.gdot0.01.lammpstrj
91,45500,193662,2989,8.540653303177702,0.8266980615711911,40,8,9,60,0.01,AZ91_fs60_T833.0_shearYZ_gdot0.01,dump.production.Alrich.AZ91.fs60.T833.0.gdot0.01.lammpstrj
92,46000,193662,2902,8.515351488676147,0.8220507895198851,36,7,9,60,0.01,AZ91_fs60_T833.0_shearYZ_gdot0.01,dump.production.Alrich.AZ91.fs60.T833.0.gdot0.01.lammpstrj
93,46500,193662,2963,8.545816938790264,0.8504507853889766,42,7,13,60,0.01,AZ91_fs60_T833.0_shearYZ_gdot0.01,dump.production.Alrich.AZ91.fs60.T833.0.gdot0.01.lammpstrj
94,47000,193662,2976,8.646507833235225,0.8318616971837531,41,7,9,60,0.01,AZ91_fs60_T833.0_shearYZ_gdot0.01,dump.production.Alrich.AZ91.fs60.T833.0.gdot0.01.lammpstrj
95,47500,193662,2960,8.607780566141008,0.8680071464716878,42,8,10,60,0.01,AZ91_fs60_T833.0_shearYZ_gdot0.01,dump.production.Alrich.AZ91.fs60.T833.0.gdot0.01.lammpstrj
96,48000,193662,2961,8.559758754944182,0.8664580557879192,38,7,10,60,0.01,AZ91_fs60_T833.0_shearYZ_gdot0.01,dump.production.Alrich.AZ91.fs60.T833.0.gdot0.01.lammpstrj
97,48500,193662,3044,8.627402381468745,0.8545816938790264,43,8,9,60,0.01,AZ91_fs60_T833.0_shearYZ_gdot0.01,dump.production.Alrich.AZ91.fs60.T833.0.gdot0.01.lammpstrj
98,49000,193662,3003,8.579380570271917,0.8251489708874225,40,12,12,60,0.01,AZ91_fs60_T833.0_shearYZ_gdot0.01,dump.production.Alrich.AZ91.fs60.T833.0.gdot0.01.lammpstrj
99,49500,193662,3014,8.527744214146296,0.8349598785512904,31,7,10,60,0.01,AZ91_fs60_T833.0_shearYZ_gdot0.01,dump.production.Alrich.AZ91.fs60.T833.0.gdot0.01.lammpstrj
100,50000,193662,3044,8.613460565314828,0.8401235141638526,35,9,11,60,0.01,AZ91_fs60_T833.0_shearYZ_gdot0.01,dump.production.Alrich.AZ91.fs60.T833.0.gdot0.01.lammpstrj
80,20000,193662,3161,8.778180541355558,0.8803998719418368,33,6,8,60,0.02,AZ91_fs60_T833.0_shearYZ_gdot0.02,dump.production.Alrich.AZ91.fs60.T833.0.gdot0.02.lammpstrj
81,20250,193662,3089,8.771467815059227,0.8762689634517871,28,6,9,60,0.02,AZ91_fs60_T833.0_shearYZ_gdot0.02,dump.production.Alrich.AZ91.fs60.T833.0.gdot0.02.lammpstrj
82,20500,193662,3093,8.73015873015873,0.8695562371554564,38,9,10,60,0.02,AZ91_fs60_T833.0_shearYZ_gdot0.02,dump.production.Alrich.AZ91.fs60.T833.0.gdot0.02.lammpstrj
83,20750,193662,3154,8.778696904916814,0.8499344218277204,37,6,10,60,0.02,AZ91_fs60_T833.0_shearYZ_gdot0.02,dump.production.Alrich.AZ91.fs60.T833.0.gdot0.02.lammpstrj
84,21000,193662,3054,8.707438733463457,0.8504507853889766,48,6,9,60,0.02,AZ91_fs60_T833.0_shearYZ_gdot0.02,dump.production.Alrich.AZ91.fs60.T833.0.gdot0.02.lammpstrj
85,21250,193662,3086,8.774049632865507,0.8566471481240512,36,3,10,60,0.02,AZ91_fs60_T833.0_shearYZ_gdot0.02,dump.production.Alrich.AZ91.fs60.T833.0.gdot0.02.lammpstrj
86,21500,193662,3151,8.765787815885409,0.8545816938790264,40,5,9,60,0.02,AZ91_fs60_T833.0_shearYZ_gdot0.02,dump.production.Alrich.AZ91.fs60.T833.0.gdot0.02.lammpstrj
87,21750,193662,3090,8.701242370728382,0.8602616930528446,35,3,8,60,0.02,AZ91_fs60_T833.0_shearYZ_gdot0.02,dump.production.Alrich.AZ91.fs60.T833.0.gdot0.02.lammpstrj
88,22000,193662,3091,8.721380549617376,0.8540653303177702,38,5,9,60,0.02,AZ91_fs60_T833.0_shearYZ_gdot0.02,dump.production.Alrich.AZ91.fs60.T833.0.gdot0.02.lammpstrj
89,22250,193662,3075,8.768369633691691,0.8396071506025962,37,5,11,60,0.02,AZ91_fs60_T833.0_shearYZ_gdot0.02,dump.production.Alrich.AZ91.fs60.T833.0.gdot0.02.lammpstrj
90,22500,193662,3067,8.874224163749213,0.8282471522549597,35,5,9,60,0.02,AZ91_fs60_T833.0_shearYZ_gdot0.02,dump.production.Alrich.AZ91.fs60.T833.0.gdot0.02.lammpstrj
91,22750,193662,3120,8.71105327839225,0.8489016947052082,37,5,7,60,0.02,AZ91_fs60_T833.0_shearYZ_gdot0.02,dump.production.Alrich.AZ91.fs60.T833.0.gdot0.02.lammpstrj
92,23000,193662,3031,8.728609639474962,0.8323780607450093,37,6,9,60,0.02,AZ91_fs60_T833.0_shearYZ_gdot0.02,dump.production.Alrich.AZ91.fs60.T833.0.gdot0.02.lammpstrj
93,23250,193662,3057,8.750813272608978,0.8680071464716878,31,4,8,60,0.02,AZ91_fs60_T833.0_shearYZ_gdot0.02,dump.production.Alrich.AZ91.fs60.T833.0.gdot0.02.lammpstrj
94,23500,193662,3021,8.686267827451951,0.8478689675826956,33,9,11,60,0.02,AZ91_fs60_T833.0_shearYZ_gdot0.02,dump.production.Alrich.AZ91.fs60.T833.0.gdot0.02.lammpstrj
95,23750,193662,3088,8.766304179446664,0.8427053319701335,32,5,10,60,0.02,AZ91_fs60_T833.0_shearYZ_gdot0.02,dump.production.Alrich.AZ91.fs60.T833.0.gdot0.02.lammpstrj
96,24000,193662,3096,8.652187832409043,0.8370253327963153,35,3,10,60,0.02,AZ91_fs60_T833.0_shearYZ_gdot0.02,dump.production.Alrich.AZ91.fs60.T833.0.gdot0.02.lammpstrj
97,24250,193662,3101,8.765787815885409,0.8199853352748603,37,4,8,60,0.02,AZ91_fs60_T833.0_shearYZ_gdot0.02,dump.production.Alrich.AZ91.fs60.T833.0.gdot0.02.lammpstrj
98,24500,193662,3053,8.763722361640383,0.831345333622497,35,4,8,60,0.02,AZ91_fs60_T833.0_shearYZ_gdot0.02,dump.production.Alrich.AZ91.fs60.T833.0.gdot0.02.lammpstrj
99,24750,193662,3103,8.73274054796501,0.868523510032944,38,5,9,60,0.02,AZ91_fs60_T833.0_shearYZ_gdot0.02,dump.production.Alrich.AZ91.fs60.T833.0.gdot0.02.lammpstrj
100,25000,193662,3002,8.605715111895984,0.8468362404601831,34,8,9,60,0.02,AZ91_fs60_T833.0_shearYZ_gdot0.02,dump.production.Alrich.AZ91.fs60.T833.0.gdot0.02.lammpstrj
80,400000,193662,2691,7.783664322376098,0.8137889725397859,26,4,8,80,0.0,AZ91_fs80_T813.0_shearYZ_gdot0.0,dump.production.Alrich.AZ91.fs80.T813.0.gdot0.0.lammpstrj
81,405000,193662,2613,7.777984323202281,0.8174035174685793,21,3,9,80,0.0,AZ91_fs80_T813.0_shearYZ_gdot0.0,dump.production.Alrich.AZ91.fs80.T813.0.gdot0.0.lammpstrj
82,410000,193662,2683,7.726864330637915,0.816887153907323,23,4,9,80,0.0,AZ91_fs80_T813.0_shearYZ_gdot0.0,dump.production.Alrich.AZ91.fs80.T813.0.gdot0.0.lammpstrj
83,415000,193662,2636,7.762493416364594,0.8215344259586289,32,6,11,80,0.0,AZ91_fs80_T813.0_shearYZ_gdot0.0,dump.production.Alrich.AZ91.fs80.T813.0.gdot0.0.lammpstrj
84,420000,193662,2646,7.729962512005454,0.8132726089785295,20,6,9,80,0.0,AZ91_fs80_T813.0_shearYZ_gdot0.0,dump.production.Alrich.AZ91.fs80.T813.0.gdot0.0.lammpstrj
85,425000,193662,2627,7.72221705858661,0.8081089733659674,22,4,10,80,0.0,AZ91_fs80_T813.0_shearYZ_gdot0.0,dump.production.Alrich.AZ91.fs80.T813.0.gdot0.0.lammpstrj
86,430000,193662,2613,7.736158874740527,0.814305336101042,22,3,10,80,0.0,AZ91_fs80_T813.0_shearYZ_gdot0.0,dump.production.Alrich.AZ91.fs80.T813.0.gdot0.0.lammpstrj
87,435000,193662,2668,7.776435232518511,0.8075926098047113,19,2,8,80,0.0,AZ91_fs80_T813.0_shearYZ_gdot0.0,dump.production.Alrich.AZ91.fs80.T813.0.gdot0.0.lammpstrj
88,440000,193662,2717,7.772820687589718,0.8127562454172734,25,6,9,80,0.0,AZ91_fs80_T813.0_shearYZ_gdot0.0,dump.production.Alrich.AZ91.fs80.T813.0.gdot0.0.lammpstrj
89,445000,193662,2659,7.728413421321684,0.8194689717136041,18,2,7,80,0.0,AZ91_fs80_T813.0_shearYZ_gdot0.0,dump.production.Alrich.AZ91.fs80.T813.0.gdot0.0.lammpstrj
90,450000,193662,2599,7.709824333116461,0.8070762462434551,22,5,9,80,0.0,AZ91_fs80_T813.0_shearYZ_gdot0.0,dump.production.Alrich.AZ91.fs80.T813.0.gdot0.0.lammpstrj
91,455000,193662,2650,7.719635240780328,0.7967489750183309,30,2,10,80,0.0,AZ91_fs80_T813.0_shearYZ_gdot0.0,dump.production.Alrich.AZ91.fs80.T813.0.gdot0.0.lammpstrj
92,460000,193662,2638,7.6881370635437,0.8189526081523479,23,5,10,80,0.0,AZ91_fs80_T813.0_shearYZ_gdot0.0,dump.production.Alrich.AZ91.fs80.T813.0.gdot0.0.lammpstrj
93,465000,193662,2664,7.750617054455701,0.8034617013146617,23,5,10,80,0.0,AZ91_fs80_T813.0_shearYZ_gdot0.0,dump.production.Alrich.AZ91.fs80.T813.0.gdot0.0.lammpstrj
94,470000,193662,2619,7.629787981121748,0.7890035215994878,30,6,9,80,0.0,AZ91_fs80_T813.0_shearYZ_gdot0.0,dump.production.Alrich.AZ91.fs80.T813.0.gdot0.0.lammpstrj
95,475000,193662,2680,7.733060693372989,0.8132726089785295,24,5,10,80,0.0,AZ91_fs80_T813.0_shearYZ_gdot0.0,dump.production.Alrich.AZ91.fs80.T813.0.gdot0.0.lammpstrj
96,480000,193662,2565,7.665417066848426,0.8075926098047113,22,4,11,80,0.0,AZ91_fs80_T813.0_shearYZ_gdot0.0,dump.production.Alrich.AZ91.fs80.T813.0.gdot0.0.lammpstrj
97,485000,193662,2569,7.666449793970939,0.8225671530811415,24,4,10,80,0.0,AZ91_fs80_T813.0_shearYZ_gdot0.0,dump.production.Alrich.AZ91.fs80.T813.0.gdot0.0.lammpstrj
98,490000,193662,2606,7.650958887133252,0.7957162478958184,18,4,9,80,0.0,AZ91_fs80_T813.0_shearYZ_gdot0.0,dump.production.Alrich.AZ91.fs80.T813.0.gdot0.0.lammpstrj
99,495000,193662,2712,7.839431586991768,0.789519885160744,23,7,10,80,0.0,AZ91_fs80_T813.0_shearYZ_gdot0.0,dump.production.Alrich.AZ91.fs80.T813.0.gdot0.0.lammpstrj
100,500000,193662,2634,7.727380694199172,0.8039780648759178,25,4,11,80,0.0,AZ91_fs80_T813.0_shearYZ_gdot0.0,dump.production.Alrich.AZ91.fs80.T813.0.gdot0.0.lammpstrj
80,400000,193662,2757,8.167838811950718,0.7859053402319506,28,4,8,80,0.001,AZ91_fs80_T813.0_shearYZ_gdot0.001,dump.production.Alrich.AZ91.fs80.T813.0.gdot0.001.lammpstrj
81,405000,193662,2802,8.192624262891016,0.7786762503743636,25,8,8,80,0.001,AZ91_fs80_T813.0_shearYZ_gdot0.001,dump.production.Alrich.AZ91.fs80.T813.0.gdot0.001.lammpstrj
82,410000,193662,2775,8.15957699497062,0.7714471605167766,30,8,9,80,0.001,AZ91_fs80_T813.0_shearYZ_gdot0.001,dump.production.Alrich.AZ91.fs80.T813.0.gdot0.001.lammpstrj
83,415000,193662,2726,8.110522456651278,0.7931344300895374,34,5,8,80,0.001,AZ91_fs80_T813.0_shearYZ_gdot0.001,dump.production.Alrich.AZ91.fs80.T813.0.gdot0.001.lammpstrj
84,420000,193662,2752,8.122398818560171,0.777127159690595,31,4,9,80,0.001,AZ91_fs80_T813.0_shearYZ_gdot0.001,dump.production.Alrich.AZ91.fs80.T813.0.gdot0.001.lammpstrj
85,425000,193662,2725,8.122398818560171,0.7642180706591897,18,5,9,80,0.001,AZ91_fs80_T813.0_shearYZ_gdot0.001,dump.production.Alrich.AZ91.fs80.T813.0.gdot0.001.lammpstrj
86,430000,193662,2734,8.069729735312038,0.747694436698991,27,4,9,80,0.001,AZ91_fs80_T813.0_shearYZ_gdot0.001,dump.production.Alrich.AZ91.fs80.T813.0.gdot0.001.lammpstrj
87,435000,193662,2663,8.018093379186418,0.76008716216914,28,5,11,80,0.001,AZ91_fs80_T813.0_shearYZ_gdot0.001,dump.production.Alrich.AZ91.fs80.T813.0.gdot0.001.lammpstrj
88,440000,193662,2705,8.028420650411542,0.7518253451890407,23,6,10,80,0.001,AZ91_fs80_T813.0_shearYZ_gdot0.001,dump.production.Alrich.AZ91.fs80.T813.0.gdot0.001.lammpstrj
89,445000,193662,2670,8.059402464086915,0.7482108002602472,25,2,10,80,0.001,AZ91_fs80_T813.0_shearYZ_gdot0.001,dump.production.Alrich.AZ91.fs80.T813.0.gdot0.001.lammpstrj
90,450000,193662,2682,8.000537018103707,0.7621526164141649,20,4,8,80,0.001,AZ91_fs80_T813.0_shearYZ_gdot0.001,dump.production.Alrich.AZ91.fs80.T813.0.gdot0.001.lammpstrj
91,455000,193662,2721,8.007766107961293,0.7394326197188916,24,6,8,80,0.001,AZ91_fs80_T813.0_shearYZ_gdot0.001,dump.production.Alrich.AZ91.fs80.T813.0.gdot0.001.lammpstrj
92,460000,193662,2735,8.160609722093131,0.7678326155879832,25,3,9,80,0.001,AZ91_fs80_T813.0_shearYZ_gdot0.001,dump.production.Alrich.AZ91.fs80.T813.0.gdot0.001.lammpstrj
93,465000,193662,2702,8.009831562206319,0.7471780731377349,25,6,8,80,0.001,AZ91_fs80_T813.0_shearYZ_gdot0.001,dump.production.Alrich.AZ91.fs80.T813.0.gdot0.001.lammpstrj
94,470000,193662,2668,8.007249744400037,0.7538907994340655,27,3,9,80,0.001,AZ91_fs80_T813.0_shearYZ_gdot0.001,dump.production.Alrich.AZ91.fs80.T813.0.gdot0.001.lammpstrj
95,475000,193662,2693,8.029453377534054,0.7482108002602472,25,7,9,80,0.001,AZ91_fs80_T813.0_shearYZ_gdot0.001,dump.production.Alrich.AZ91.fs80.T813.0.gdot0.001.lammpstrj
96,480000,193662,2754,8.036166103830384,0.7538907994340655,29,4,9,80,0.001,AZ91_fs80_T813.0_shearYZ_gdot0.001,dump.production.Alrich.AZ91.fs80.T813.0.gdot0.001.lammpstrj
97,485000,193662,2705,7.98504611126602,0.7786762503743636,31,5,10,80,0.001,AZ91_fs80_T813.0_shearYZ_gdot0.001,dump.production.Alrich.AZ91.fs80.T813.0.gdot0.001.lammpstrj
98,490000,193662,2741,8.052689737790583,0.735301711228842,27,5,9,80,0.001,AZ91_fs80_T813.0_shearYZ_gdot0.001,dump.production.Alrich.AZ91.fs80.T813.0.gdot0.001.lammpstrj
99,495000,193662,2700,7.981431566337227,0.7528580723115531,24,6,7,80,0.001,AZ91_fs80_T813.0_shearYZ_gdot0.001,dump.production.Alrich.AZ91.fs80.T813.0.gdot0.001.lammpstrj
100,500000,193662,2632,7.963875205254515,0.7435635282089413,27,2,7,80,0.001,AZ91_fs80_T813.0_shearYZ_gdot0.001,dump.production.Alrich.AZ91.fs80.T813.0.gdot0.001.lammpstrj
80,80000,193662,3005,8.450289679957864,0.9134471398622341,49,10,10,80,0.005,AZ91_fs80_T813.0_shearYZ_gdot0.005,dump.production.Alrich.AZ91.fs80.T813.0.gdot0.005.lammpstrj
81,81000,193662,2979,8.394522415342195,0.8989889601470603,45,9,12,80,0.005,AZ91_fs80_T813.0_shearYZ_gdot0.005,dump.production.Alrich.AZ91.fs80.T813.0.gdot0.005.lammpstrj
82,82000,193662,2963,8.367671510156871,0.8896944160444487,43,10,10,80,0.005,AZ91_fs80_T813.0_shearYZ_gdot0.005,dump.production.Alrich.AZ91.fs80.T813.0.gdot0.005.lammpstrj
83,83000,193662,3027,8.386776961923351,0.8850471439931427,47,10,14,80,0.005,AZ91_fs80_T813.0_shearYZ_gdot0.005,dump.production.Alrich.AZ91.fs80.T813.0.gdot0.005.lammpstrj
84,84000,193662,3073,8.45493695200917,0.8731707820842498,42,8,16,80,0.005,AZ91_fs80_T813.0_shearYZ_gdot0.005,dump.production.Alrich.AZ91.fs80.T813.0.gdot0.005.lammpstrj
85,85000,193662,2999,8.437896954487716,0.8778180541355558,46,8,15,80,0.005,AZ91_fs80_T813.0_shearYZ_gdot0.005,dump.production.Alrich.AZ91.fs80.T813.0.gdot0.005.lammpstrj
86,86000,193662,3024,8.434798773120178,0.9217089568423336,42,8,16,80,0.005,AZ91_fs80_T813.0_shearYZ_gdot0.005,dump.production.Alrich.AZ91.fs80.T813.0.gdot0.005.lammpstrj
87,87000,193662,3022,8.42911877394636,0.8984725965858041,41,7,9,80,0.005,AZ91_fs80_T813.0_shearYZ_gdot0.005,dump.production.Alrich.AZ91.fs80.T813.0.gdot0.005.lammpstrj
88,88000,193662,3004,8.406915140812343,0.8943416880957544,40,4,17,80,0.005,AZ91_fs80_T813.0_shearYZ_gdot0.005,dump.production.Alrich.AZ91.fs80.T813.0.gdot0.005.lammpstrj
89,89000,193662,2962,8.447707862151583,0.9103489584946969,43,10,9,80,0.005,AZ91_fs80_T813.0_shearYZ_gdot0.005,dump.production.Alrich.AZ91.fs80.T813.0.gdot0.005.lammpstrj
90,90000,193662,3025,8.413111503547418,0.8979562330245479,40,10,12,80,0.005,AZ91_fs80_T813.0_shearYZ_gdot0.005,dump.production.Alrich.AZ91.fs80.T813.0.gdot0.005.lammpstrj
91,91000,193662,2939,8.321198789643812,0.8612944201753572,41,7,10,80,0.005,AZ91_fs80_T813.0_shearYZ_gdot0.005,dump.production.Alrich.AZ91.fs80.T813.0.gdot0.005.lammpstrj
92,92000,193662,3004,8.369736964401895,0.8721380549617375,44,11,10,80,0.005,AZ91_fs80_T813.0_shearYZ_gdot0.005,dump.production.Alrich.AZ91.fs80.T813.0.gdot0.005.lammpstrj
93,93000,193662,2992,8.410529685741135,0.9000216872695729,35,10,11,80,0.005,AZ91_fs80_T813.0_shearYZ_gdot0.005,dump.production.Alrich.AZ91.fs80.T813.0.gdot0.005.lammpstrj
94,94000,193662,2995,8.447191498590326,0.8788507812580683,39,7,10,80,0.005,AZ91_fs80_T813.0_shearYZ_gdot0.005,dump.production.Alrich.AZ91.fs80.T813.0.gdot0.005.lammpstrj
95,95000,193662,3039,8.476107858020674,0.8953744152182669,39,6,10,80,0.005,AZ91_fs80_T813.0_shearYZ_gdot0.005,dump.production.Alrich.AZ91.fs80.T813.0.gdot0.005.lammpstrj
96,96000,193662,3035,8.518966033604942,0.9046689593208787,39,7,10,80,0.005,AZ91_fs80_T813.0_shearYZ_gdot0.005,dump.production.Alrich.AZ91.fs80.T813.0.gdot0.005.lammpstrj
97,97000,193662,3021,8.44822422571284,0.883498053309374,48,9,11,80,0.005,AZ91_fs80_T813.0_shearYZ_gdot0.005,dump.production.Alrich.AZ91.fs80.T813.0.gdot0.005.lammpstrj
98,98000,193662,3046,8.4864351292458,0.8902107796057048,43,8,10,80,0.005,AZ91_fs80_T813.0_shearYZ_gdot0.005,dump.production.Alrich.AZ91.fs80.T813.0.gdot0.005.lammpstrj
99,99000,193662,3025,8.396071506025962,0.8917598702894735,42,5,9,80,0.005,AZ91_fs80_T813.0_shearYZ_gdot0.005,dump.production.Alrich.AZ91.fs80.T813.0.gdot0.005.lammpstrj
100,100000,193662,3022,8.376966054259483,0.9041525957596225,39,8,10,80,0.005,AZ91_fs80_T813.0_shearYZ_gdot0.005,dump.production.Alrich.AZ91.fs80.T813.0.gdot0.005.lammpstrj
80,40000,193662,3124,8.686784191013208,0.9098325949334407,48,7,14,80,0.01,AZ91_fs80_T813.0_shearYZ_gdot0.01,dump.production.Alrich.AZ91.fs80.T813.0.gdot0.01.lammpstrj
81,40500,193662,3219,8.745649636996417,0.9268725924548957,51,8,11,80,0.01,AZ91_fs80_T813.0_shearYZ_gdot0.01,dump.production.Alrich.AZ91.fs80.T813.0.gdot0.01.lammpstrj
82,41000,193662,3111,8.628435108591257,0.9165453212297715,44,7,10,80,0.01,AZ91_fs80_T813.0_shearYZ_gdot0.01,dump.production.Alrich.AZ91.fs80.T813.0.gdot0.01.lammpstrj
83,41500,193662,3153,8.646507833235225,0.9248071382098708,57,10,10,80,0.01,AZ91_fs80_T813.0_shearYZ_gdot0.01,dump.production.Alrich.AZ91.fs80.T813.0.gdot0.01.lammpstrj
84,42000,193662,3117,8.670260557053009,0.9046689593208787,44,7,11,80,0.01,AZ91_fs80_T813.0_shearYZ_gdot0.01,dump.production.Alrich.AZ91.fs80.T813.0.gdot0.01.lammpstrj
85,42500,193662,3139,8.678006010471853,0.9196435025973088,43,5,10,80,0.01,AZ91_fs80_T813.0_shearYZ_gdot0.01,dump.production.Alrich.AZ91.fs80.T813.0.gdot0.01.lammpstrj
86,43000,193662,3031,8.624820563662464,0.9010544143920851,51,8,13,80,0.01,AZ91_fs80_T813.0_shearYZ_gdot0.01,dump.production.Alrich.AZ91.fs80.T813.0.gdot0.01.lammpstrj
87,43500,193662,3115,8.71105327839225,0.9046689593208787,43,10,13,80,0.01,AZ91_fs80_T813.0_shearYZ_gdot0.01,dump.production.Alrich.AZ91.fs80.T813.0.gdot0.01.lammpstrj
88,44000,193662,3095,8.611395111069802,0.8917598702894735,49,8,15,80,0.01,AZ91_fs80_T813.0_shearYZ_gdot0.01,dump.production.Alrich.AZ91.fs80.T813.0.gdot0.01.lammpstrj
89,44500,193662,3063,8.658900558705373,0.8767853270130432,48,7,12,80,0.01,AZ91_fs80_T813.0_shearYZ_gdot0.01,dump.production.Alrich.AZ91.fs80.T813.0.gdot0.01.lammpstrj
90,45000,193662,3082,8.590224205058297,0.8969235059020355,42,9,11,80,0.01,AZ91_fs80_T813.0_shearYZ_gdot0.01,dump.production.Alrich.AZ91.fs80.T813.0.gdot0.01.lammpstrj
91,45500,193662,3164,8.739453274261342,0.8943416880957544,46,8,11,80,0.01,AZ91_fs80_T813.0_shearYZ_gdot0.01,dump.production.Alrich.AZ91.fs80.T813.0.gdot0.01.lammpstrj
92,46000,193662,3100,8.704856915657176,0.9227416839648459,51,8,12,80,0.01,AZ91_fs80_T813.0_shearYZ_gdot0.01,dump.production.Alrich.AZ91.fs80.T813.0.gdot0.01.lammpstrj
93,46500,193662,3115,8.692980553748283,0.9186107754747963,40,8,13,80,0.01,AZ91_fs80_T813.0_shearYZ_gdot0.01,dump.production.Alrich.AZ91.fs80.T813.0.gdot0.01.lammpstrj
94,47000,193662,3099,8.601584203405933,0.9124144127397218,43,7,10,80,0.01,AZ91_fs80_T813.0_shearYZ_gdot0.01,dump.production.Alrich.AZ91.fs80.T813.0.gdot0.01.lammpstrj
95,47500,193662,3092,8.60210056696719,0.9026035050758539,38,7,12,80,0.01,AZ91_fs80_T813.0_shearYZ_gdot0.01,dump.production.Alrich.AZ91.fs80.T813.0.gdot0.01.lammpstrj
96,48000,193662,3039,8.503475126767254,0.9010544143920851,44,6,14,80,0.01,AZ91_fs80_T813.0_shearYZ_gdot0.01,dump.production.Alrich.AZ91.fs80.T813.0.gdot0.01.lammpstrj
97,48500,193662,3114,8.672326011298034,0.8902107796057048,33,6,16,80,0.01,AZ91_fs80_T813.0_shearYZ_gdot0.01,dump.production.Alrich.AZ91.fs80.T813.0.gdot0.01.lammpstrj
98,49000,193662,3127,8.624820563662464,0.9413307721700694,42,8,9,80,0.01,AZ91_fs80_T813.0_shearYZ_gdot0.01,dump.production.Alrich.AZ91.fs80.T813.0.gdot0.01.lammpstrj
99,49500,193662,3125,8.64031147050015,0.9103489584946969,53,7,11,80,0.01,AZ91_fs80_T813.0_shearYZ_gdot0.01,dump.production.Alrich.AZ91.fs80.T813.0.gdot0.01.lammpstrj
100,50000,193662,3143,8.63204965352005,0.9067344135659035,48,11,11,80,0.01,AZ91_fs80_T813.0_shearYZ_gdot0.01,dump.production.Alrich.AZ91.fs80.T813.0.gdot0.01.lammpstrj
80,20000,193662,3050,8.660966012950398,0.9217089568423336,40,8,9,80,0.02,AZ91_fs80_T813.0_shearYZ_gdot0.02,dump.production.Alrich.AZ91.fs80.T813.0.gdot0.02.lammpstrj
81,20250,193662,3069,8.707955097024714,0.8933089609732421,45,9,11,80,0.02,AZ91_fs80_T813.0_shearYZ_gdot0.02,dump.production.Alrich.AZ91.fs80.T813.0.gdot0.02.lammpstrj
82,20500,193662,3129,8.637213289132612,0.9113816856172093,41,8,10,80,0.02,AZ91_fs80_T813.0_shearYZ_gdot0.02,dump.production.Alrich.AZ91.fs80.T813.0.gdot0.02.lammpstrj
83,20750,193662,3074,8.701758734289639,0.9165453212297715,44,8,11,80,0.02,AZ91_fs80_T813.0_shearYZ_gdot0.02,dump.production.Alrich.AZ91.fs80.T813.0.gdot0.02.lammpstrj
84,21000,193662,3129,8.700726007167127,0.9222253204035897,43,10,10,80,0.02,AZ91_fs80_T813.0_shearYZ_gdot0.02,dump.production.Alrich.AZ91.fs80.T813.0.gdot0.02.lammpstrj
85,21250,193662,3197,8.734806002210036,0.9263562288936396,47,10,11,80,0.02,AZ91_fs80_T813.0_shearYZ_gdot0.02,dump.production.Alrich.AZ91.fs80.T813.0.gdot0.02.lammpstrj
86,21500,193662,3109,8.673358738420548,0.8778180541355558,40,8,9,80,0.02,AZ91_fs80_T813.0_shearYZ_gdot0.02,dump.production.Alrich.AZ91.fs80.T813.0.gdot0.02.lammpstrj
87,21750,193662,3171,8.636696925571357,0.9217089568423336,36,6,10,80,0.02,AZ91_fs80_T813.0_shearYZ_gdot0.02,dump.production.Alrich.AZ91.fs80.T813.0.gdot0.02.lammpstrj
88,22000,193662,3185,8.724995094546168,0.9098325949334407,40,8,11,80,0.02,AZ91_fs80_T813.0_shearYZ_gdot0.02,dump.production.Alrich.AZ91.fs80.T813.0.gdot0.02.lammpstrj
89,22250,193662,3040,8.605198748334727,0.9217089568423336,48,8,10,80,0.02,AZ91_fs80_T813.0_shearYZ_gdot0.02,dump.production.Alrich.AZ91.fs80.T813.0.gdot0.02.lammpstrj
90,22500,193662,3081,8.64031147050015,0.8943416880957544,41,7,8,80,0.02,AZ91_fs80_T813.0_shearYZ_gdot0.02,dump.production.Alrich.AZ91.fs80.T813.0.gdot0.02.lammpstrj
91,22750,193662,3070,8.582478751639453,0.8649089651041506,36,9,11,80,0.02,AZ91_fs80_T813.0_shearYZ_gdot0.02,dump.production.Alrich.AZ91.fs80.T813.0.gdot0.02.lammpstrj
92,23000,193662,3084,8.677489646910598,0.9057016864433911,37,5,9,80,0.02,AZ91_fs80_T813.0_shearYZ_gdot0.02,dump.production.Alrich.AZ91.fs80.T813.0.gdot0.02.lammpstrj
93,23250,193662,3085,8.75184599973149,0.9077671406884159,44,6,8,80,0.02,AZ91_fs80_T813.0_shearYZ_gdot0.02,dump.production.Alrich.AZ91.fs80.T813.0.gdot0.02.lammpstrj
94,23500,193662,3185,8.781278722723094,0.8871125982381675,41,10,10,80,0.02,AZ91_fs80_T813.0_shearYZ_gdot0.02,dump.production.Alrich.AZ91.fs80.T813.0.gdot0.02.lammpstrj
95,23750,193662,3065,8.641344197622661,0.8773016905742996,41,5,12,80,0.02,AZ91_fs80_T813.0_shearYZ_gdot0.02,dump.production.Alrich.AZ91.fs80.T813.0.gdot0.02.lammpstrj
96,24000,193662,3078,8.658384195144118,0.8989889601470603,43,6,9,80,0.02,AZ91_fs80_T813.0_shearYZ_gdot0.02,dump.production.Alrich.AZ91.fs80.T813.0.gdot0.02.lammpstrj
97,24250,193662,3107,8.619656928049901,0.8876289617994239,46,12,9,80,0.02,AZ91_fs80_T813.0_shearYZ_gdot0.02,dump.production.Alrich.AZ91.fs80.T813.0.gdot0.02.lammpstrj
98,24500,193662,3082,8.69091509950326,0.883498053309374,47,7,8,80,0.02,AZ91_fs80_T813.0_shearYZ_gdot0.02,dump.production.Alrich.AZ91.fs80.T813.0.gdot0.02.lammpstrj
99,24750,193662,3086,8.698660552922101,0.9103489584946969,40,10,9,80,0.02,AZ91_fs80_T813.0_shearYZ_gdot0.02,dump.production.Alrich.AZ91.fs80.T813.0.gdot0.02.lammpstrj
100,25000,193662,3058,8.597453294915884,0.8938253245344983,39,7,10,80,0.02,AZ91_fs80_T813.0_shearYZ_gdot0.02,dump.production.Alrich.AZ91.fs80.T813.0.gdot0.02.lammpstrj
